circuit,MagnetName,NumberOfMagnets,L_magnet,C_ground_magnet,R_parallel,R_circuit,R_crowbar,t_Start,t_PC,t_EE,R_EE,C_snubber,R_snubber,R_Branch,L_Branch,Length_Busbar,L_Busbar_per_m,L_Busbar,I_start,I_end_1,I_end_2,dI_dt,dI_dt2,t_start,t_plateau,t_PC_off,t_PC_switch_off,L_parasitic_series,R_parasitic_series,R_parasitic_parallel
RCS.A12B1,MCS,154,0.0007197,7.50E-09,0.067,0.00672,0.05,0,0.2,410.008,0.705,0.0008,1,0.00044,1.00E-06,0.00E+00,0.00E+00,0.00E+00,0.00E+00,1.00E+02,5.50E+02,1.50E+00,1.00E+00,1.00E+01,2.00E+01,4.10E+02,1.00E-02,1.00E-09,1.00E-09,1.00E+06
RCS.A12B2,MCS,154,0.0007197,7.50E-09,0.067,0.00617,0.05,0,0.2,410.008,0.671,0.0008,1,0.00044,1.00E-06,0.00E+00,0.00E+00,0.00E+00,0.00E+00,1.00E+02,5.50E+02,1.50E+00,1.00E+00,1.00E+01,2.00E+01,4.10E+02,1.00E-02,1.00E-09,1.00E-09,1.00E+06
RCS.A23B1,MCS,154,0.0007197,7.50E-09,0.067,0.00684,0.05,0,0.2,410.008,0.71,0.0008,1,0.00044,1.00E-06,0.00E+00,0.00E+00,0.00E+00,0.00E+00,1.00E+02,5.50E+02,1.50E+00,1.00E+00,1.00E+01,2.00E+01,4.10E+02,1.00E-02,1.00E-09,1.00E-09,1.00E+06
RCS.A23B2,MCS,154,0.0007197,7.50E-09,0.067,0.00667,0.05,0,0.2,410.008,0.688,0.0008,1,0.00044,1.00E-06,0.00E+00,0.00E+00,0.00E+00,0.00E+00,1.00E+02,5.50E+02,1.50E+00,1.00E+00,1.00E+01,2.00E+01,4.10E+02,1.00E-02,1.00E-09,1.00E-09,1.00E+06
RCS.A34B1,MCS,154,0.0007197,7.50E-09,0.067,0.00696,0.05,0,0.2,410.008,0.684,0.0008,1,0.00044,1.00E-06,0.00E+00,0.00E+00,0.00E+00,0.00E+00,1.00E+02,5.50E+02,1.50E+00,1.00E+00,1.00E+01,2.00E+01,4.10E+02,1.00E-02,1.00E-09,1.00E-09,1.00E+06
RCS.A34B2,MCS,154,0.0007197,7.50E-09,0.067,0.00718,0.05,0,0.2,410.008,0.695,0.0008,1,0.00044,1.00E-06,0.00E+00,0.00E+00,0.00E+00,0.00E+00,1.00E+02,5.50E+02,1.50E+00,1.00E+00,1.00E+01,2.00E+01,4.10E+02,1.00E-02,1.00E-09,1.00E-09,1.00E+06
RCS.A45B1,MCS,154,0.0007197,7.50E-09,0.067,0.00702,0.05,0,0.2,410.008,0.67,0.0008,1,0.00044,1.00E-06,0.00E+00,0.00E+00,0.00E+00,0.00E+00,1.00E+02,5.50E+02,1.50E+00,1.00E+00,1.00E+01,2.00E+01,4.10E+02,1.00E-02,1.00E-09,1.00E-09,1.00E+06
RCS.A45B2,MCS,154,0.0007197,7.50E-09,0.067,0.00702,0.05,0,0.2,410.008,0.689,0.0008,1,0.00044,1.00E-06,0.00E+00,0.00E+00,0.00E+00,0.00E+00,1.00E+02,5.50E+02,1.50E+00,1.00E+00,1.00E+01,2.00E+01,4.10E+02,1.00E-02,1.00E-09,1.00E-09,1.00E+06
RCS.A56B1,MCS,154,0.0007197,7.50E-09,0.067,0.00556,0.05,0,0.2,410.008,0.683,0.0008,1,0.00044,1.00E-06,0.00E+00,0.00E+00,0.00E+00,0.00E+00,1.00E+02,5.50E+02,1.50E+00,1.00E+00,1.00E+01,2.00E+01,4.10E+02,1.00E-02,1.00E-09,1.00E-09,1.00E+06
RCS.A56B2,MCS,154,0.0007197,7.50E-09,0.067,0.00546,0.05,0,0.2,410.008,0.672,0.0008,1,0.00044,1.00E-06,0.00E+00,0.00E+00,0.00E+00,0.00E+00,1.00E+02,5.50E+02,1.50E+00,1.00E+00,1.00E+01,2.00E+01,4.10E+02,1.00E-02,1.00E-09,1.00E-09,1.00E+06
RCS.A67B1,MCS,154,0.0007197,7.50E-09,0.067,0.00605,0.05,0,0.2,410.008,0.707,0.0008,1,0.00044,1.00E-06,0.00E+00,0.00E+00,0.00E+00,0.00E+00,1.00E+02,5.50E+02,1.50E+00,1.00E+00,1.00E+01,2.00E+01,4.10E+02,1.00E-02,1.00E-09,1.00E-09,1.00E+06
RCS.A67B2,MCS,154,0.0007197,7.50E-09,0.067,0.00603,0.05,0,0.2,410.008,0.719,0.0008,1,0.00044,1.00E-06,0.00E+00,0.00E+00,0.00E+00,0.00E+00,1.00E+02,5.50E+02,1.50E+00,1.00E+00,1.00E+01,2.00E+01,4.10E+02,1.00E-02,1.00E-09,1.00E-09,1.00E+06
RCS.A78B1,MCS,154,0.0007197,7.50E-09,0.067,0.00673,0.05,0,0.2,410.008,0.7,0.0008,1,0.00044,1.00E-06,0.00E+00,0.00E+00,0.00E+00,0.00E+00,1.00E+02,5.50E+02,1.50E+00,1.00E+00,1.00E+01,2.00E+01,4.10E+02,1.00E-02,1.00E-09,1.00E-09,1.00E+06
RCS.A78B2,MCS,154,0.0007197,7.50E-09,0.067,0.00674,0.05,0,0.2,410.008,0.697,0.0008,1,0.00044,1.00E-06,0.00E+00,0.00E+00,0.00E+00,0.00E+00,1.00E+02,5.50E+02,1.50E+00,1.00E+00,1.00E+01,2.00E+01,4.10E+02,1.00E-02,1.00E-09,1.00E-09,1.00E+06
RCS.A81B1,MCS,154,0.0007197,7.50E-09,0.067,0.0071,0.05,0,0.2,410.008,0.676,0.0008,1,0.00044,1.00E-06,0.00E+00,0.00E+00,0.00E+00,0.00E+00,1.00E+02,5.50E+02,1.50E+00,1.00E+00,1.00E+01,2.00E+01,4.10E+02,1.00E-02,1.00E-09,1.00E-09,1.00E+06
RCS.A81B2,MCS,154,0.0007197,7.50E-09,0.067,0.0071,0.05,0,0.2,410.008,0.673,0.0008,1,0.00044,1.00E-06,0.00E+00,0.00E+00,0.00E+00,0.00E+00,1.00E+02,5.50E+02,1.50E+00,1.00E+00,1.00E+01,2.00E+01,4.10E+02,1.00E-02,1.00E-09,1.00E-09,1.00E+06
RQ6.L3B1,MQTLH_1AP,6,0.0883,8.10E-09,0.2,0.01,0.05,0,0.2,580.008,0.678,0.0008,1,0.00044,1.00E-06,0,0,0,0.00E+00,1.00E+02,5.50E+02,1.20E+00,3.00E-02,1.00E+01,2.00E+01,5.80E+02,1.00E-02,1.00E-09,1.00E-09,1.00E+06
RQ6.L3B2,MQTLH_1AP,6,0.0883,8.10E-09,0.2,0.0101,0.05,0,0.2,580.008,0.672,0.0008,1,0.00044,1.00E-06,0,0,0,0.00E+00,1.00E+02,5.50E+02,1.20E+00,3.00E-02,1.00E+01,2.00E+01,5.80E+02,1.00E-02,1.00E-09,1.00E-09,1.00E+06
RQ6.L7B1,MQTLH_1AP,6,0.0883,8.10E-09,0.2,0.00399,0.05,0,0.2,580.008,0.675,0.0008,1,0.00044,1.00E-06,0,0,0,0.00E+00,1.00E+02,5.50E+02,1.20E+00,3.00E-02,1.00E+01,2.00E+01,5.80E+02,1.00E-02,1.00E-09,1.00E-09,1.00E+06
RQ6.L7B2,MQTLH_1AP,6,0.0883,8.10E-09,0.2,0.004,0.05,0,0.2,580.008,0.675,0.0008,1,0.00044,1.00E-06,0,0,0,0.00E+00,1.00E+02,5.50E+02,1.20E+00,3.00E-02,1.00E+01,2.00E+01,5.80E+02,1.00E-02,1.00E-09,1.00E-09,1.00E+06
RQ6.R3B1,MQTLH_1AP,6,0.0883,8.10E-09,0.2,0.0477,0.05,0,0.2,580.008,0.718,0.0008,1,0.00044,1.00E-06,0,0,0,0.00E+00,1.00E+02,5.50E+02,1.20E+00,3.00E-02,1.00E+01,2.00E+01,5.80E+02,1.00E-02,1.00E-09,1.00E-09,1.00E+06
RQ6.R3B2,MQTLH_1AP,6,0.0883,8.10E-09,0.2,0.0473,0.05,0,0.2,580.008,0.687,0.0008,1,0.00044,1.00E-06,0,0,0,0.00E+00,1.00E+02,5.50E+02,1.20E+00,3.00E-02,1.00E+01,2.00E+01,5.80E+02,1.00E-02,1.00E-09,1.00E-09,1.00E+06
RQ6.R7B1,MQTLH_1AP,6,0.0883,8.10E-09,0.2,0.0062,0.05,0,0.2,580.008,0.695,0.0008,1,0.00044,1.00E-06,0,0,0,0.00E+00,1.00E+02,5.50E+02,1.20E+00,3.00E-02,1.00E+01,2.00E+01,5.80E+02,1.00E-02,1.00E-09,1.00E-09,1.00E+06
RQ6.R7B2,MQTLH_1AP,6,0.0883,8.10E-09,0.2,0.0062,0.05,0,0.2,580.008,0.683,0.0008,1,0.00044,1.00E-06,0,0,0,0.00E+00,1.00E+02,5.50E+02,1.20E+00,3.00E-02,1.00E+01,2.00E+01,5.80E+02,1.00E-02,1.00E-09,1.00E-09,1.00E+06
RQS.A12B2,MQS_1AP,4,0.02171,2.00E-09,0.25,0.00401,0.05,0,0.2,450.008,0.693,0.0008,1,0.00044,1.00E-06,0,0,0,0.00E+00,1.00E+02,5.50E+02,1.40E+00,2.00E-01,1.00E+01,2.00E+01,4.50E+02,1.00E-02,1.00E-09,1.00E-09,1.00E+06
RQS.A23B1,MQS_1AP,4,0.02171,2.00E-09,0.25,0.00525,0.05,0,0.2,450.008,0.679,0.0008,1,0.00044,1.00E-06,0,0,0,0.00E+00,1.00E+02,5.50E+02,1.40E+00,2.00E-01,1.00E+01,2.00E+01,4.50E+02,1.00E-02,1.00E-09,1.00E-09,1.00E+06
RQS.A34B2,MQS_1AP,4,0.02171,2.00E-09,0.25,0.00373,0.05,0,0.2,450.008,0.707,0.0008,1,0.00044,1.00E-06,0,0,0,0.00E+00,1.00E+02,5.50E+02,1.40E+00,2.00E-01,1.00E+01,2.00E+01,4.50E+02,1.00E-02,1.00E-09,1.00E-09,1.00E+06
RQS.A45B1,MQS_1AP,4,0.02171,2.00E-09,0.25,0.0031,0.05,0,0.2,450.008,0.676,0.0008,1,0.00044,1.00E-06,0,0,0,0.00E+00,1.00E+02,5.50E+02,1.40E+00,2.00E-01,1.00E+01,2.00E+01,4.50E+02,1.00E-02,1.00E-09,1.00E-09,1.00E+06
RQS.A56B2,MQS_1AP,4,0.02171,2.00E-09,0.25,0.00373,0.05,0,0.2,450.008,0.671,0.0008,1,0.00044,1.00E-06,0,0,0,0.00E+00,1.00E+02,5.50E+02,1.40E+00,2.00E-01,1.00E+01,2.00E+01,4.50E+02,1.00E-02,1.00E-09,1.00E-09,1.00E+06
RQS.A67B1,MQS_1AP,4,0.02171,2.00E-09,0.25,0.0031,0.05,0,0.2,450.008,0.732,0.0008,1,0.00044,1.00E-06,0,0,0,0.00E+00,1.00E+02,5.50E+02,1.40E+00,2.00E-01,1.00E+01,2.00E+01,4.50E+02,1.00E-02,1.00E-09,1.00E-09,1.00E+06
RQS.A78B2,MQS_1AP,4,0.02171,2.00E-09,0.25,0.00249,0.05,0,0.2,450.008,0.695,0.0008,1,0.00044,1.00E-06,0,0,0,0.00E+00,1.00E+02,5.50E+02,1.40E+00,2.00E-01,1.00E+01,2.00E+01,4.50E+02,1.00E-02,1.00E-09,1.00E-09,1.00E+06
RQS.A81B1,MQS_1AP,4,0.02171,2.00E-09,0.25,0.00346,0.05,0,0.2,450.008,0.692,0.0008,1,0.00044,1.00E-06,0,0,0,0.00E+00,1.00E+02,5.50E+02,1.40E+00,2.00E-01,1.00E+01,2.00E+01,4.50E+02,1.00E-02,1.00E-09,1.00E-09,1.00E+06
RQS.L1B2,MQS_1AP,2,0.02171,2.00E-09,0.25,0.003025,0.05,0,0.2,0,0,0,0,0,0,0,0,0,0.00E+00,1.00E+02,5.50E+02,1.40E+00,2.00E-01,1.00E+01,2.00E+01,4.50E+02,1.00E-02,1.00E-09,1.00E-09,1.00E+06
RQS.L2B1,MQS_1AP,2,0.02171,2.00E-09,0.25,0.003025,0.05,0,0.2,0,0,0,0,0,0,0,0,0,0.00E+00,1.00E+02,5.50E+02,1.40E+00,2.00E-01,1.00E+01,2.00E+01,4.50E+02,1.00E-02,1.00E-09,1.00E-09,1.00E+06
RQS.L3B2,MQS_1AP,2,0.02171,2.00E-09,0.25,0.003025,0.05,0,0.2,0,0,0,0,0,0,0,0,0,0.00E+00,1.00E+02,5.50E+02,1.40E+00,2.00E-01,1.00E+01,2.00E+01,4.50E+02,1.00E-02,1.00E-09,1.00E-09,1.00E+06
RQS.L4B1,MQS_1AP,2,0.02171,2.00E-09,0.25,0.003025,0.05,0,0.2,0,0,0,0,0,0,0,0,0,0.00E+00,1.00E+02,5.50E+02,1.40E+00,2.00E-01,1.00E+01,2.00E+01,4.50E+02,1.00E-02,1.00E-09,1.00E-09,1.00E+06
RQS.L5B2,MQS_1AP,2,0.02171,2.00E-09,0.25,0.003025,0.05,0,0.2,0,0,0,0,0,0,0,0,0,0.00E+00,1.00E+02,5.50E+02,1.40E+00,2.00E-01,1.00E+01,2.00E+01,4.50E+02,1.00E-02,1.00E-09,1.00E-09,1.00E+06
RQS.L6B1,MQS_1AP,2,0.02171,2.00E-09,0.25,0.003025,0.05,0,0.2,0,0,0,0,0,0,0,0,0,0.00E+00,1.00E+02,5.50E+02,1.40E+00,2.00E-01,1.00E+01,2.00E+01,4.50E+02,1.00E-02,1.00E-09,1.00E-09,1.00E+06
RQS.L7B2,MQS_1AP,2,0.02171,2.00E-09,0.25,0.003025,0.05,0,0.2,0,0,0,0,0,0,0,0,0,0.00E+00,1.00E+02,5.50E+02,1.40E+00,2.00E-01,1.00E+01,2.00E+01,4.50E+02,1.00E-02,1.00E-09,1.00E-09,1.00E+06
RQS.L8B1,MQS_1AP,2,0.02171,2.00E-09,0.25,0.003025,0.05,0,0.2,0,0,0,0,0,0,0,0,0,0.00E+00,1.00E+02,5.50E+02,1.40E+00,2.00E-01,1.00E+01,2.00E+01,4.50E+02,1.00E-02,1.00E-09,1.00E-09,1.00E+06
RQS.R1B1,MQS_1AP,2,0.02171,2.00E-09,0.25,0.003025,0.05,0,0.2,0,0,0,0,0,0,0,0,0,0.00E+00,1.00E+02,5.50E+02,1.40E+00,2.00E-01,1.00E+01,2.00E+01,4.50E+02,1.00E-02,1.00E-09,1.00E-09,1.00E+06
RQS.R2B2,MQS_1AP,2,0.02171,2.00E-09,0.25,0.003025,0.05,0,0.2,0,0,0,0,0,0,0,0,0,0.00E+00,1.00E+02,5.50E+02,1.40E+00,2.00E-01,1.00E+01,2.00E+01,4.50E+02,1.00E-02,1.00E-09,1.00E-09,1.00E+06
RQS.R3B1,MQS_1AP,2,0.02171,2.00E-09,0.25,0.003025,0.05,0,0.2,0,0,0,0,0,0,0,0,0,0.00E+00,1.00E+02,5.50E+02,1.40E+00,2.00E-01,1.00E+01,2.00E+01,4.50E+02,1.00E-02,1.00E-09,1.00E-09,1.00E+06
RQS.R4B2,MQS_1AP,2,0.02171,2.00E-09,0.25,0.003025,0.05,0,0.2,0,0,0,0,0,0,0,0,0,0.00E+00,1.00E+02,5.50E+02,1.40E+00,2.00E-01,1.00E+01,2.00E+01,4.50E+02,1.00E-02,1.00E-09,1.00E-09,1.00E+06
RQS.R5B1,MQS_1AP,2,0.02171,2.00E-09,0.25,0.003025,0.05,0,0.2,0,0,0,0,0,0,0,0,0,0.00E+00,1.00E+02,5.50E+02,1.40E+00,2.00E-01,1.00E+01,2.00E+01,4.50E+02,1.00E-02,1.00E-09,1.00E-09,1.00E+06
RQS.R6B2,MQS_1AP,2,0.02171,2.00E-09,0.25,0.003025,0.05,0,0.2,0,0,0,0,0,0,0,0,0,0.00E+00,1.00E+02,5.50E+02,1.40E+00,2.00E-01,1.00E+01,2.00E+01,4.50E+02,1.00E-02,1.00E-09,1.00E-09,1.00E+06
RQS.R7B1,MQS_1AP,2,0.02171,2.00E-09,0.25,0.003025,0.05,0,0.2,0,0,0,0,0,0,0,0,0,0.00E+00,1.00E+02,5.50E+02,1.40E+00,2.00E-01,1.00E+01,2.00E+01,4.50E+02,1.00E-02,1.00E-09,1.00E-09,1.00E+06
RQS.R8B2,MQS_1AP,2,0.02171,2.00E-09,0.25,0.003025,0.05,0,0.2,0,0,0,0,0,0,0,0,0,0.00E+00,1.00E+02,5.50E+02,1.40E+00,2.00E-01,1.00E+01,2.00E+01,4.50E+02,1.00E-02,1.00E-09,1.00E-09,1.00E+06
RQT12.L1B1,MQT_1AP,1,0.02171,2.00E-09,0.25,0.002489,0.05,0,0.2,0,0,0,0,0,0,0,0,0,0.00E+00,1.00E+02,5.50E+02,5.00E+00,1.00E+00,1.00E+01,2.00E+01,1.60E+02,1.00E-02,1.00E-09,1.00E-09,1.00E+06
RQT12.L1B2,MQT_1AP,1,0.02171,2.00E-09,0.25,0.002489,0.05,0,0.2,0,0,0,0,0,0,0,0,0,0.00E+00,1.00E+02,5.50E+02,5.00E+00,1.00E+00,1.00E+01,2.00E+01,1.60E+02,1.00E-02,1.00E-09,1.00E-09,1.00E+06
RQT12.L2B1,MQT_1AP,1,0.02171,2.00E-09,0.25,0.002489,0.05,0,0.2,0,0,0,0,0,0,0,0,0,0.00E+00,1.00E+02,5.50E+02,5.00E+00,1.00E+00,1.00E+01,2.00E+01,1.60E+02,1.00E-02,1.00E-09,1.00E-09,1.00E+06
RQT12.L2B2,MQT_1AP,1,0.02171,2.00E-09,0.25,0.002489,0.05,0,0.2,0,0,0,0,0,0,0,0,0,0.00E+00,1.00E+02,5.50E+02,5.00E+00,1.00E+00,1.00E+01,2.00E+01,1.60E+02,1.00E-02,1.00E-09,1.00E-09,1.00E+06
RQT12.L3B1,MQT_1AP,1,0.02171,2.00E-09,0.25,0.002489,0.05,0,0.2,0,0,0,0,0,0,0,0,0,0.00E+00,1.00E+02,5.50E+02,5.00E+00,1.00E+00,1.00E+01,2.00E+01,1.60E+02,1.00E-02,1.00E-09,1.00E-09,1.00E+06
RQT12.L3B2,MQT_1AP,1,0.02171,2.00E-09,0.25,0.002489,0.05,0,0.2,0,0,0,0,0,0,0,0,0,0.00E+00,1.00E+02,5.50E+02,5.00E+00,1.00E+00,1.00E+01,2.00E+01,1.60E+02,1.00E-02,1.00E-09,1.00E-09,1.00E+06
RQT12.L4B1,MQT_1AP,1,0.02171,2.00E-09,0.25,0.002489,0.05,0,0.2,0,0,0,0,0,0,0,0,0,0.00E+00,1.00E+02,5.50E+02,5.00E+00,1.00E+00,1.00E+01,2.00E+01,1.60E+02,1.00E-02,1.00E-09,1.00E-09,1.00E+06
RQT12.L4B2,MQT_1AP,1,0.02171,2.00E-09,0.25,0.002489,0.05,0,0.2,0,0,0,0,0,0,0,0,0,0.00E+00,1.00E+02,5.50E+02,5.00E+00,1.00E+00,1.00E+01,2.00E+01,1.60E+02,1.00E-02,1.00E-09,1.00E-09,1.00E+06
RQT12.L5B1,MQT_1AP,1,0.02171,2.00E-09,0.25,0.002489,0.05,0,0.2,0,0,0,0,0,0,0,0,0,0.00E+00,1.00E+02,5.50E+02,5.00E+00,1.00E+00,1.00E+01,2.00E+01,1.60E+02,1.00E-02,1.00E-09,1.00E-09,1.00E+06
RQT12.L5B2,MQT_1AP,1,0.02171,2.00E-09,0.25,0.002489,0.05,0,0.2,0,0,0,0,0,0,0,0,0,0.00E+00,1.00E+02,5.50E+02,5.00E+00,1.00E+00,1.00E+01,2.00E+01,1.60E+02,1.00E-02,1.00E-09,1.00E-09,1.00E+06
RQT12.L6B1,MQT_1AP,1,0.02171,2.00E-09,0.25,0.002489,0.05,0,0.2,0,0,0,0,0,0,0,0,0,0.00E+00,1.00E+02,5.50E+02,5.00E+00,1.00E+00,1.00E+01,2.00E+01,1.60E+02,1.00E-02,1.00E-09,1.00E-09,1.00E+06
RQT12.L6B2,MQT_1AP,1,0.02171,2.00E-09,0.25,0.002489,0.05,0,0.2,0,0,0,0,0,0,0,0,0,0.00E+00,1.00E+02,5.50E+02,5.00E+00,1.00E+00,1.00E+01,2.00E+01,1.60E+02,1.00E-02,1.00E-09,1.00E-09,1.00E+06
RQT12.L7B1,MQT_1AP,1,0.02171,2.00E-09,0.25,0.002489,0.05,0,0.2,0,0,0,0,0,0,0,0,0,0.00E+00,1.00E+02,5.50E+02,5.00E+00,1.00E+00,1.00E+01,2.00E+01,1.60E+02,1.00E-02,1.00E-09,1.00E-09,1.00E+06
RQT12.L7B2,MQT_1AP,1,0.02171,2.00E-09,0.25,0.002489,0.05,0,0.2,0,0,0,0,0,0,0,0,0,0.00E+00,1.00E+02,5.50E+02,5.00E+00,1.00E+00,1.00E+01,2.00E+01,1.60E+02,1.00E-02,1.00E-09,1.00E-09,1.00E+06
RQT12.L8B1,MQT_1AP,1,0.02171,2.00E-09,0.25,0.002489,0.05,0,0.2,0,0,0,0,0,0,0,0,0,0.00E+00,1.00E+02,5.50E+02,5.00E+00,1.00E+00,1.00E+01,2.00E+01,1.60E+02,1.00E-02,1.00E-09,1.00E-09,1.00E+06
RQT12.L8B2,MQT_1AP,1,0.02171,2.00E-09,0.25,0.002489,0.05,0,0.2,0,0,0,0,0,0,0,0,0,0.00E+00,1.00E+02,5.50E+02,5.00E+00,1.00E+00,1.00E+01,2.00E+01,1.60E+02,1.00E-02,1.00E-09,1.00E-09,1.00E+06
RQT12.R1B1,MQT_1AP,1,0.02171,2.00E-09,0.25,0.002489,0.05,0,0.2,0,0,0,0,0,0,0,0,0,0.00E+00,1.00E+02,5.50E+02,5.00E+00,1.00E+00,1.00E+01,2.00E+01,1.60E+02,1.00E-02,1.00E-09,1.00E-09,1.00E+06
RQT12.R1B2,MQT_1AP,1,0.02171,2.00E-09,0.25,0.002489,0.05,0,0.2,0,0,0,0,0,0,0,0,0,0.00E+00,1.00E+02,5.50E+02,5.00E+00,1.00E+00,1.00E+01,2.00E+01,1.60E+02,1.00E-02,1.00E-09,1.00E-09,1.00E+06
RQT12.R2B1,MQT_1AP,1,0.02171,2.00E-09,0.25,0.002489,0.05,0,0.2,0,0,0,0,0,0,0,0,0,0.00E+00,1.00E+02,5.50E+02,5.00E+00,1.00E+00,1.00E+01,2.00E+01,1.60E+02,1.00E-02,1.00E-09,1.00E-09,1.00E+06
RQT12.R2B2,MQT_1AP,1,0.02171,2.00E-09,0.25,0.002489,0.05,0,0.2,0,0,0,0,0,0,0,0,0,0.00E+00,1.00E+02,5.50E+02,5.00E+00,1.00E+00,1.00E+01,2.00E+01,1.60E+02,1.00E-02,1.00E-09,1.00E-09,1.00E+06
RQT12.R3B1,MQT_1AP,1,0.02171,2.00E-09,0.25,0.002489,0.05,0,0.2,0,0,0,0,0,0,0,0,0,0.00E+00,1.00E+02,5.50E+02,5.00E+00,1.00E+00,1.00E+01,2.00E+01,1.60E+02,1.00E-02,1.00E-09,1.00E-09,1.00E+06
RQT12.R3B2,MQT_1AP,1,0.02171,2.00E-09,0.25,0.002489,0.05,0,0.2,0,0,0,0,0,0,0,0,0,0.00E+00,1.00E+02,5.50E+02,5.00E+00,1.00E+00,1.00E+01,2.00E+01,1.60E+02,1.00E-02,1.00E-09,1.00E-09,1.00E+06
RQT12.R4B1,MQT_1AP,1,0.02171,2.00E-09,0.25,0.002489,0.05,0,0.2,0,0,0,0,0,0,0,0,0,0.00E+00,1.00E+02,5.50E+02,5.00E+00,1.00E+00,1.00E+01,2.00E+01,1.60E+02,1.00E-02,1.00E-09,1.00E-09,1.00E+06
RQT12.R4B2,MQT_1AP,1,0.02171,2.00E-09,0.25,0.002489,0.05,0,0.2,0,0,0,0,0,0,0,0,0,0.00E+00,1.00E+02,5.50E+02,5.00E+00,1.00E+00,1.00E+01,2.00E+01,1.60E+02,1.00E-02,1.00E-09,1.00E-09,1.00E+06
RQT12.R5B1,MQT_1AP,1,0.02171,2.00E-09,0.25,0.002489,0.05,0,0.2,0,0,0,0,0,0,0,0,0,0.00E+00,1.00E+02,5.50E+02,5.00E+00,1.00E+00,1.00E+01,2.00E+01,1.60E+02,1.00E-02,1.00E-09,1.00E-09,1.00E+06
RQT12.R5B2,MQT_1AP,1,0.02171,2.00E-09,0.25,0.002489,0.05,0,0.2,0,0,0,0,0,0,0,0,0,0.00E+00,1.00E+02,5.50E+02,5.00E+00,1.00E+00,1.00E+01,2.00E+01,1.60E+02,1.00E-02,1.00E-09,1.00E-09,1.00E+06
RQT12.R6B1,MQT_1AP,1,0.02171,2.00E-09,0.25,0.002489,0.05,0,0.2,0,0,0,0,0,0,0,0,0,0.00E+00,1.00E+02,5.50E+02,5.00E+00,1.00E+00,1.00E+01,2.00E+01,1.60E+02,1.00E-02,1.00E-09,1.00E-09,1.00E+06
RQT12.R6B2,MQT_1AP,1,0.02171,2.00E-09,0.25,0.002489,0.05,0,0.2,0,0,0,0,0,0,0,0,0,0.00E+00,1.00E+02,5.50E+02,5.00E+00,1.00E+00,1.00E+01,2.00E+01,1.60E+02,1.00E-02,1.00E-09,1.00E-09,1.00E+06
RQT12.R7B1,MQT_1AP,1,0.02171,2.00E-09,0.25,0.002489,0.05,0,0.2,0,0,0,0,0,0,0,0,0,0.00E+00,1.00E+02,5.50E+02,5.00E+00,1.00E+00,1.00E+01,2.00E+01,1.60E+02,1.00E-02,1.00E-09,1.00E-09,1.00E+06
RQT12.R7B2,MQT_1AP,1,0.02171,2.00E-09,0.25,0.002489,0.05,0,0.2,0,0,0,0,0,0,0,0,0,0.00E+00,1.00E+02,5.50E+02,5.00E+00,1.00E+00,1.00E+01,2.00E+01,1.60E+02,1.00E-02,1.00E-09,1.00E-09,1.00E+06
RQT12.R8B1,MQT_1AP,1,0.02171,2.00E-09,0.25,0.002489,0.05,0,0.2,0,0,0,0,0,0,0,0,0,0.00E+00,1.00E+02,5.50E+02,5.00E+00,1.00E+00,1.00E+01,2.00E+01,1.60E+02,1.00E-02,1.00E-09,1.00E-09,1.00E+06
RQT12.R8B2,MQT_1AP,1,0.02171,2.00E-09,0.25,0.002489,0.05,0,0.2,0,0,0,0,0,0,0,0,0,0.00E+00,1.00E+02,5.50E+02,5.00E+00,1.00E+00,1.00E+01,2.00E+01,1.60E+02,1.00E-02,1.00E-09,1.00E-09,1.00E+06
RQT13.L1B1,MQT_1AP,1,0.02171,2.00E-09,0.25,0.002476,0.05,0,0.2,0,0,0,0,0,0,0,0,0,0.00E+00,1.00E+02,5.50E+02,5.00E+00,1.00E+00,1.00E+01,2.00E+01,1.60E+02,1.00E-02,1.00E-09,1.00E-09,1.00E+06
RQT13.L1B2,MQT_1AP,1,0.02171,2.00E-09,0.25,0.002476,0.05,0,0.2,0,0,0,0,0,0,0,0,0,0.00E+00,1.00E+02,5.50E+02,5.00E+00,1.00E+00,1.00E+01,2.00E+01,1.60E+02,1.00E-02,1.00E-09,1.00E-09,1.00E+06
RQT13.L2B1,MQT_1AP,1,0.02171,2.00E-09,0.25,0.002476,0.05,0,0.2,0,0,0,0,0,0,0,0,0,0.00E+00,1.00E+02,5.50E+02,5.00E+00,1.00E+00,1.00E+01,2.00E+01,1.60E+02,1.00E-02,1.00E-09,1.00E-09,1.00E+06
RQT13.L2B2,MQT_1AP,1,0.02171,2.00E-09,0.25,0.002476,0.05,0,0.2,0,0,0,0,0,0,0,0,0,0.00E+00,1.00E+02,5.50E+02,5.00E+00,1.00E+00,1.00E+01,2.00E+01,1.60E+02,1.00E-02,1.00E-09,1.00E-09,1.00E+06
RQT13.L3B1,MQT_1AP,1,0.02171,2.00E-09,0.25,0.002476,0.05,0,0.2,0,0,0,0,0,0,0,0,0,0.00E+00,1.00E+02,5.50E+02,5.00E+00,1.00E+00,1.00E+01,2.00E+01,1.60E+02,1.00E-02,1.00E-09,1.00E-09,1.00E+06
RQT13.L3B2,MQT_1AP,1,0.02171,2.00E-09,0.25,0.002476,0.05,0,0.2,0,0,0,0,0,0,0,0,0,0.00E+00,1.00E+02,5.50E+02,5.00E+00,1.00E+00,1.00E+01,2.00E+01,1.60E+02,1.00E-02,1.00E-09,1.00E-09,1.00E+06
RQT13.L4B1,MQT_1AP,1,0.02171,2.00E-09,0.25,0.002476,0.05,0,0.2,0,0,0,0,0,0,0,0,0,0.00E+00,1.00E+02,5.50E+02,5.00E+00,1.00E+00,1.00E+01,2.00E+01,1.60E+02,1.00E-02,1.00E-09,1.00E-09,1.00E+06
RQT13.L4B2,MQT_1AP,1,0.02171,2.00E-09,0.25,0.002476,0.05,0,0.2,0,0,0,0,0,0,0,0,0,0.00E+00,1.00E+02,5.50E+02,5.00E+00,1.00E+00,1.00E+01,2.00E+01,1.60E+02,1.00E-02,1.00E-09,1.00E-09,1.00E+06
RQT13.L5B1,MQT_1AP,1,0.02171,2.00E-09,0.25,0.002476,0.05,0,0.2,0,0,0,0,0,0,0,0,0,0.00E+00,1.00E+02,5.50E+02,5.00E+00,1.00E+00,1.00E+01,2.00E+01,1.60E+02,1.00E-02,1.00E-09,1.00E-09,1.00E+06
RQT13.L5B2,MQT_1AP,1,0.02171,2.00E-09,0.25,0.002476,0.05,0,0.2,0,0,0,0,0,0,0,0,0,0.00E+00,1.00E+02,5.50E+02,5.00E+00,1.00E+00,1.00E+01,2.00E+01,1.60E+02,1.00E-02,1.00E-09,1.00E-09,1.00E+06
RQT13.L6B1,MQT_1AP,1,0.02171,2.00E-09,0.25,0.002476,0.05,0,0.2,0,0,0,0,0,0,0,0,0,0.00E+00,1.00E+02,5.50E+02,5.00E+00,1.00E+00,1.00E+01,2.00E+01,1.60E+02,1.00E-02,1.00E-09,1.00E-09,1.00E+06
RQT13.L6B2,MQT_1AP,1,0.02171,2.00E-09,0.25,0.002476,0.05,0,0.2,0,0,0,0,0,0,0,0,0,0.00E+00,1.00E+02,5.50E+02,5.00E+00,1.00E+00,1.00E+01,2.00E+01,1.60E+02,1.00E-02,1.00E-09,1.00E-09,1.00E+06
RQT13.L7B1,MQT_1AP,1,0.02171,2.00E-09,0.25,0.002476,0.05,0,0.2,0,0,0,0,0,0,0,0,0,0.00E+00,1.00E+02,5.50E+02,5.00E+00,1.00E+00,1.00E+01,2.00E+01,1.60E+02,1.00E-02,1.00E-09,1.00E-09,1.00E+06
RQT13.L7B2,MQT_1AP,1,0.02171,2.00E-09,0.25,0.002476,0.05,0,0.2,0,0,0,0,0,0,0,0,0,0.00E+00,1.00E+02,5.50E+02,5.00E+00,1.00E+00,1.00E+01,2.00E+01,1.60E+02,1.00E-02,1.00E-09,1.00E-09,1.00E+06
RQT13.L8B1,MQT_1AP,1,0.02171,2.00E-09,0.25,0.002476,0.05,0,0.2,0,0,0,0,0,0,0,0,0,0.00E+00,1.00E+02,5.50E+02,5.00E+00,1.00E+00,1.00E+01,2.00E+01,1.60E+02,1.00E-02,1.00E-09,1.00E-09,1.00E+06
RQT13.L8B2,MQT_1AP,1,0.02171,2.00E-09,0.25,0.002476,0.05,0,0.2,0,0,0,0,0,0,0,0,0,0.00E+00,1.00E+02,5.50E+02,5.00E+00,1.00E+00,1.00E+01,2.00E+01,1.60E+02,1.00E-02,1.00E-09,1.00E-09,1.00E+06
RQT13.R1B1,MQT_1AP,1,0.02171,2.00E-09,0.25,0.002476,0.05,0,0.2,0,0,0,0,0,0,0,0,0,0.00E+00,1.00E+02,5.50E+02,5.00E+00,1.00E+00,1.00E+01,2.00E+01,1.60E+02,1.00E-02,1.00E-09,1.00E-09,1.00E+06
RQT13.R1B2,MQT_1AP,1,0.02171,2.00E-09,0.25,0.002476,0.05,0,0.2,0,0,0,0,0,0,0,0,0,0.00E+00,1.00E+02,5.50E+02,5.00E+00,1.00E+00,1.00E+01,2.00E+01,1.60E+02,1.00E-02,1.00E-09,1.00E-09,1.00E+06
RQT13.R2B1,MQT_1AP,1,0.02171,2.00E-09,0.25,0.002476,0.05,0,0.2,0,0,0,0,0,0,0,0,0,0.00E+00,1.00E+02,5.50E+02,5.00E+00,1.00E+00,1.00E+01,2.00E+01,1.60E+02,1.00E-02,1.00E-09,1.00E-09,1.00E+06
RQT13.R2B2,MQT_1AP,1,0.02171,2.00E-09,0.25,0.002476,0.05,0,0.2,0,0,0,0,0,0,0,0,0,0.00E+00,1.00E+02,5.50E+02,5.00E+00,1.00E+00,1.00E+01,2.00E+01,1.60E+02,1.00E-02,1.00E-09,1.00E-09,1.00E+06
RQT13.R3B1,MQT_1AP,1,0.02171,2.00E-09,0.25,0.002476,0.05,0,0.2,0,0,0,0,0,0,0,0,0,0.00E+00,1.00E+02,5.50E+02,5.00E+00,1.00E+00,1.00E+01,2.00E+01,1.60E+02,1.00E-02,1.00E-09,1.00E-09,1.00E+06
RQT13.R3B2,MQT_1AP,1,0.02171,2.00E-09,0.25,0.002476,0.05,0,0.2,0,0,0,0,0,0,0,0,0,0.00E+00,1.00E+02,5.50E+02,5.00E+00,1.00E+00,1.00E+01,2.00E+01,1.60E+02,1.00E-02,1.00E-09,1.00E-09,1.00E+06
RQT13.R4B1,MQT_1AP,1,0.02171,2.00E-09,0.25,0.002476,0.05,0,0.2,0,0,0,0,0,0,0,0,0,0.00E+00,1.00E+02,5.50E+02,5.00E+00,1.00E+00,1.00E+01,2.00E+01,1.60E+02,1.00E-02,1.00E-09,1.00E-09,1.00E+06
RQT13.R4B2,MQT_1AP,1,0.02171,2.00E-09,0.25,0.002476,0.05,0,0.2,0,0,0,0,0,0,0,0,0,0.00E+00,1.00E+02,5.50E+02,5.00E+00,1.00E+00,1.00E+01,2.00E+01,1.60E+02,1.00E-02,1.00E-09,1.00E-09,1.00E+06
RQT13.R5B1,MQT_1AP,1,0.02171,2.00E-09,0.25,0.002476,0.05,0,0.2,0,0,0,0,0,0,0,0,0,0.00E+00,1.00E+02,5.50E+02,5.00E+00,1.00E+00,1.00E+01,2.00E+01,1.60E+02,1.00E-02,1.00E-09,1.00E-09,1.00E+06
RQT13.R5B2,MQT_1AP,1,0.02171,2.00E-09,0.25,0.002476,0.05,0,0.2,0,0,0,0,0,0,0,0,0,0.00E+00,1.00E+02,5.50E+02,5.00E+00,1.00E+00,1.00E+01,2.00E+01,1.60E+02,1.00E-02,1.00E-09,1.00E-09,1.00E+06
RQT13.R6B1,MQT_1AP,1,0.02171,2.00E-09,0.25,0.002476,0.05,0,0.2,0,0,0,0,0,0,0,0,0,0.00E+00,1.00E+02,5.50E+02,5.00E+00,1.00E+00,1.00E+01,2.00E+01,1.60E+02,1.00E-02,1.00E-09,1.00E-09,1.00E+06
RQT13.R6B2,MQT_1AP,1,0.02171,2.00E-09,0.25,0.002476,0.05,0,0.2,0,0,0,0,0,0,0,0,0,0.00E+00,1.00E+02,5.50E+02,5.00E+00,1.00E+00,1.00E+01,2.00E+01,1.60E+02,1.00E-02,1.00E-09,1.00E-09,1.00E+06
RQT13.R7B1,MQT_1AP,1,0.02171,2.00E-09,0.25,0.002476,0.05,0,0.2,0,0,0,0,0,0,0,0,0,0.00E+00,1.00E+02,5.50E+02,5.00E+00,1.00E+00,1.00E+01,2.00E+01,1.60E+02,1.00E-02,1.00E-09,1.00E-09,1.00E+06
RQT13.R7B2,MQT_1AP,1,0.02171,2.00E-09,0.25,0.002476,0.05,0,0.2,0,0,0,0,0,0,0,0,0,0.00E+00,1.00E+02,5.50E+02,5.00E+00,1.00E+00,1.00E+01,2.00E+01,1.60E+02,1.00E-02,1.00E-09,1.00E-09,1.00E+06
RQT13.R8B1,MQT_1AP,1,0.02171,2.00E-09,0.25,0.002476,0.05,0,0.2,0,0,0,0,0,0,0,0,0,0.00E+00,1.00E+02,5.50E+02,5.00E+00,1.00E+00,1.00E+01,2.00E+01,1.60E+02,1.00E-02,1.00E-09,1.00E-09,1.00E+06
RQT13.R8B2,MQT_1AP,1,0.02171,2.00E-09,0.25,0.002476,0.05,0,0.2,0,0,0,0,0,0,0,0,0,0.00E+00,1.00E+02,5.50E+02,5.00E+00,1.00E+00,1.00E+01,2.00E+01,1.60E+02,1.00E-02,1.00E-09,1.00E-09,1.00E+06
RQTD.A12B1,MQT_1AP,8,0.02171,2.00E-09,0.25,0.00649,0.05,0,0.2,420.15,0.68,0.0008,1,0.00044,1.00E-06,0,0,0,0.00E+00,1.00E+02,5.50E+02,1.50E+00,2.00E-01,1.00E+01,2.00E+01,4.20E+02,1.00E-02,1.00E-09,1.00E-09,1.00E+06
RQTD.A12B2,MQT_1AP,8,0.02171,2.00E-09,0.25,0.00628,0.05,0,0.2,420.15,0.65,0.0008,1,0.00044,1.00E-06,0,0,0,0.00E+00,1.00E+02,5.50E+02,1.50E+00,2.00E-01,1.00E+01,2.00E+01,4.20E+02,1.00E-02,1.00E-09,1.00E-09,1.00E+06
RQTD.A23B1,MQT_1AP,8,0.02171,2.00E-09,0.25,0.00673,0.05,0,0.2,420.15,0.715,0.0008,1,0.00044,1.00E-06,0,0,0,0.00E+00,1.00E+02,5.50E+02,1.50E+00,2.00E-01,1.00E+01,2.00E+01,4.20E+02,1.00E-02,1.00E-09,1.00E-09,1.00E+06
RQTD.A23B2,MQT_1AP,8,0.02171,2.00E-09,0.25,0.00685,0.05,0,0.2,420.15,0.716,0.0008,1,0.00044,1.00E-06,0,0,0,0.00E+00,1.00E+02,5.50E+02,1.50E+00,2.00E-01,1.00E+01,2.00E+01,4.20E+02,1.00E-02,1.00E-09,1.00E-09,1.00E+06
RQTD.A34B1,MQT_1AP,8,0.02171,2.00E-09,0.25,0.0066,0.05,0,0.2,420.15,0.686,0.0008,1,0.00044,1.00E-06,0,0,0,0.00E+00,1.00E+02,5.50E+02,1.50E+00,2.00E-01,1.00E+01,2.00E+01,4.20E+02,1.00E-02,1.00E-09,1.00E-09,1.00E+06
RQTD.A34B2,MQT_1AP,8,0.02171,2.00E-09,0.25,0.00711,0.05,0,0.2,420.15,0.685,0.0008,1,0.00044,1.00E-06,0,0,0,0.00E+00,1.00E+02,5.50E+02,1.50E+00,2.00E-01,1.00E+01,2.00E+01,4.20E+02,1.00E-02,1.00E-09,1.00E-09,1.00E+06
RQTD.A45B1,MQT_1AP,8,0.02171,2.00E-09,0.25,0.00714,0.05,0,0.2,420.15,0.71,0.0008,1,0.00044,1.00E-06,0,0,0,0.00E+00,1.00E+02,5.50E+02,1.50E+00,2.00E-01,1.00E+01,2.00E+01,4.20E+02,1.00E-02,1.00E-09,1.00E-09,1.00E+06
RQTD.A45B2,MQT_1AP,8,0.02171,2.00E-09,0.25,0.00727,0.05,0,0.2,420.15,0.71,0.0008,1,0.00044,1.00E-06,0,0,0,0.00E+00,1.00E+02,5.50E+02,1.50E+00,2.00E-01,1.00E+01,2.00E+01,4.20E+02,1.00E-02,1.00E-09,1.00E-09,1.00E+06
RQTD.A56B1,MQT_1AP,8,0.02171,2.00E-09,0.25,0.00378,0.05,0,0.2,420.15,0.692,0.0008,1,0.00044,1.00E-06,0,0,0,0.00E+00,1.00E+02,5.50E+02,1.50E+00,2.00E-01,1.00E+01,2.00E+01,4.20E+02,1.00E-02,1.00E-09,1.00E-09,1.00E+06
RQTD.A56B2,MQT_1AP,8,0.02171,2.00E-09,0.25,0.00544,0.05,0,0.2,420.15,0.678,0.0008,1,0.00044,1.00E-06,0,0,0,0.00E+00,1.00E+02,5.50E+02,1.50E+00,2.00E-01,1.00E+01,2.00E+01,4.20E+02,1.00E-02,1.00E-09,1.00E-09,1.00E+06
RQTD.A67B1,MQT_1AP,8,0.02171,2.00E-09,0.25,0.00311,0.05,0,0.2,420.15,0.668,0.0008,1,0.00044,1.00E-06,0,0,0,0.00E+00,1.00E+02,5.50E+02,1.50E+00,2.00E-01,1.00E+01,2.00E+01,4.20E+02,1.00E-02,1.00E-09,1.00E-09,1.00E+06
RQTD.A67B2,MQT_1AP,8,0.02171,2.00E-09,0.25,0.0025,0.05,0,0.2,420.15,0.671,0.0008,1,0.00044,1.00E-06,0,0,0,0.00E+00,1.00E+02,5.50E+02,1.50E+00,2.00E-01,1.00E+01,2.00E+01,4.20E+02,1.00E-02,1.00E-09,1.00E-09,1.00E+06
RQTD.A78B1,MQT_1AP,8,0.02171,2.00E-09,0.25,0.007,0.05,0,0.2,420.15,0.724,0.0008,1,0.00044,1.00E-06,0,0,0,0.00E+00,1.00E+02,5.50E+02,1.50E+00,2.00E-01,1.00E+01,2.00E+01,4.20E+02,1.00E-02,1.00E-09,1.00E-09,1.00E+06
RQTD.A78B2,MQT_1AP,8,0.02171,2.00E-09,0.25,0.00699,0.05,0,0.2,420.15,0.714,0.0008,1,0.00044,1.00E-06,0,0,0,0.00E+00,1.00E+02,5.50E+02,1.50E+00,2.00E-01,1.00E+01,2.00E+01,4.20E+02,1.00E-02,1.00E-09,1.00E-09,1.00E+06
RQTD.A81B1,MQT_1AP,8,0.02171,2.00E-09,0.25,0.00774,0.05,0,0.2,420.15,0.708,0.0008,1,0.00044,1.00E-06,0,0,0,0.00E+00,1.00E+02,5.50E+02,1.50E+00,2.00E-01,1.00E+01,2.00E+01,4.20E+02,1.00E-02,1.00E-09,1.00E-09,1.00E+06
RQTD.A81B2,MQT_1AP,8,0.02171,2.00E-09,0.25,0.00752,0.05,0,0.2,420.15,0.677,0.0008,1,0.00044,1.00E-06,0,0,0,0.00E+00,1.00E+02,5.50E+02,1.50E+00,2.00E-01,1.00E+01,2.00E+01,4.20E+02,1.00E-02,1.00E-09,1.00E-09,1.00E+06
RQTF.A12B1,MQT_1AP,8,0.02171,2.00E-09,0.25,0.00674,0.05,0,0.2,420.15,0.702,0.0008,1,0.00044,1.00E-06,0,0,0,0.00E+00,1.00E+02,5.50E+02,1.50E+00,2.00E-01,1.00E+01,2.00E+01,4.20E+02,1.00E-02,1.00E-09,1.00E-09,1.00E+06
RQTF.A12B2,MQT_1AP,8,0.02171,2.00E-09,0.25,0.00628,0.05,0,0.2,420.15,0.685,0.0008,1,0.00044,1.00E-06,0,0,0,0.00E+00,1.00E+02,5.50E+02,1.50E+00,2.00E-01,1.00E+01,2.00E+01,4.20E+02,1.00E-02,1.00E-09,1.00E-09,1.00E+06
RQTF.A23B1,MQT_1AP,8,0.02171,2.00E-09,0.25,0.00681,0.05,0,0.2,420.15,0.709,0.0008,1,0.00044,1.00E-06,0,0,0,0.00E+00,1.00E+02,5.50E+02,1.50E+00,2.00E-01,1.00E+01,2.00E+01,4.20E+02,1.00E-02,1.00E-09,1.00E-09,1.00E+06
RQTF.A23B2,MQT_1AP,8,0.02171,2.00E-09,0.25,0.00711,0.05,0,0.2,420.15,0.674,0.0008,1,0.00044,1.00E-06,0,0,0,0.00E+00,1.00E+02,5.50E+02,1.50E+00,2.00E-01,1.00E+01,2.00E+01,4.20E+02,1.00E-02,1.00E-09,1.00E-09,1.00E+06
RQTF.A34B1,MQT_1AP,8,0.02171,2.00E-09,0.25,0.0068,0.05,0,0.2,420.15,0.705,0.0008,1,0.00044,1.00E-06,0,0,0,0.00E+00,1.00E+02,5.50E+02,1.50E+00,2.00E-01,1.00E+01,2.00E+01,4.20E+02,1.00E-02,1.00E-09,1.00E-09,1.00E+06
RQTF.A34B2,MQT_1AP,8,0.02171,2.00E-09,0.25,0.00715,0.05,0,0.2,420.15,0.688,0.0008,1,0.00044,1.00E-06,0,0,0,0.00E+00,1.00E+02,5.50E+02,1.50E+00,2.00E-01,1.00E+01,2.00E+01,4.20E+02,1.00E-02,1.00E-09,1.00E-09,1.00E+06
RQTF.A45B1,MQT_1AP,8,0.02171,2.00E-09,0.25,0.00705,0.05,0,0.2,420.15,0.704,0.0008,1,0.00044,1.00E-06,0,0,0,0.00E+00,1.00E+02,5.50E+02,1.50E+00,2.00E-01,1.00E+01,2.00E+01,4.20E+02,1.00E-02,1.00E-09,1.00E-09,1.00E+06
RQTF.A45B2,MQT_1AP,8,0.02171,2.00E-09,0.25,0.00736,0.05,0,0.2,420.15,0.71,0.0008,1,0.00044,1.00E-06,0,0,0,0.00E+00,1.00E+02,5.50E+02,1.50E+00,2.00E-01,1.00E+01,2.00E+01,4.20E+02,1.00E-02,1.00E-09,1.00E-09,1.00E+06
RQTF.A56B1,MQT_1AP,8,0.02171,2.00E-09,0.25,0.00357,0.05,0,0.2,420.15,0.692,0.0008,1,0.00044,1.00E-06,0,0,0,0.00E+00,1.00E+02,5.50E+02,1.50E+00,2.00E-01,1.00E+01,2.00E+01,4.20E+02,1.00E-02,1.00E-09,1.00E-09,1.00E+06
RQTF.A56B2,MQT_1AP,8,0.02171,2.00E-09,0.25,0.00563,0.05,0,0.2,420.15,0.7,0.0008,1,0.00044,1.00E-06,0,0,0,0.00E+00,1.00E+02,5.50E+02,1.50E+00,2.00E-01,1.00E+01,2.00E+01,4.20E+02,1.00E-02,1.00E-09,1.00E-09,1.00E+06
RQTF.A67B1,MQT_1AP,8,0.02171,2.00E-09,0.25,0.00308,0.05,0,0.2,420.15,0.68,0.0008,1,0.00044,1.00E-06,0,0,0,0.00E+00,1.00E+02,5.50E+02,1.50E+00,2.00E-01,1.00E+01,2.00E+01,4.20E+02,1.00E-02,1.00E-09,1.00E-09,1.00E+06
RQTF.A67B2,MQT_1AP,8,0.02171,2.00E-09,0.25,0.00254,0.05,0,0.2,420.15,0.7,0.0008,1,0.00044,1.00E-06,0,0,0,0.00E+00,1.00E+02,5.50E+02,1.50E+00,2.00E-01,1.00E+01,2.00E+01,4.20E+02,1.00E-02,1.00E-09,1.00E-09,1.00E+06
RQTF.A78B1,MQT_1AP,8,0.02171,2.00E-09,0.25,0.00702,0.05,0,0.2,420.15,0.701,0.0008,1,0.00044,1.00E-06,0,0,0,0.00E+00,1.00E+02,5.50E+02,1.50E+00,2.00E-01,1.00E+01,2.00E+01,4.20E+02,1.00E-02,1.00E-09,1.00E-09,1.00E+06
RQTF.A78B2,MQT_1AP,8,0.02171,2.00E-09,0.25,0.00703,0.05,0,0.2,420.15,0.707,0.0008,1,0.00044,1.00E-06,0,0,0,0.00E+00,1.00E+02,5.50E+02,1.50E+00,2.00E-01,1.00E+01,2.00E+01,4.20E+02,1.00E-02,1.00E-09,1.00E-09,1.00E+06
RQTF.A81B1,MQT_1AP,8,0.02171,2.00E-09,0.25,0.00772,0.05,0,0.2,420.15,0.683,0.0008,1,0.00044,1.00E-06,0,0,0,0.00E+00,1.00E+02,5.50E+02,1.50E+00,2.00E-01,1.00E+01,2.00E+01,4.20E+02,1.00E-02,1.00E-09,1.00E-09,1.00E+06
RQTF.A81B2,MQT_1AP,8,0.02171,2.00E-09,0.25,0.00739,0.05,0,0.2,420.15,0.707,0.0008,1,0.00044,1.00E-06,0,0,0,0.00E+00,1.00E+02,5.50E+02,1.50E+00,2.00E-01,1.00E+01,2.00E+01,4.20E+02,1.00E-02,1.00E-09,1.00E-09,1.00E+06
RQTL10.L3B1,MQTLI_1AP,1,0.0883,8.10E-09,0.2,0.00178,0.05,0,0.2,0,0,0,0,0,0,0,0,0,0.00E+00,1.00E+02,5.50E+02,3.00E+00,1.00E-01,1.00E+01,2.00E+01,4.35E+02,1.00E-02,1.00E-09,1.00E-09,1.00E+06
RQTL10.L3B2,MQTLI_1AP,1,0.0883,8.10E-09,0.2,0.00178,0.05,0,0.2,0,0,0,0,0,0,0,0,0,0.00E+00,1.00E+02,5.50E+02,3.00E+00,1.00E-01,1.00E+01,2.00E+01,4.35E+02,1.00E-02,1.00E-09,1.00E-09,1.00E+06
RQTL10.L7B1,MQTLI_1AP,1,0.0883,8.10E-09,0.2,0.00178,0.05,0,0.2,0,0,0,0,0,0,0,0,0,0.00E+00,1.00E+02,5.50E+02,3.00E+00,1.00E-01,1.00E+01,2.00E+01,4.35E+02,1.00E-02,1.00E-09,1.00E-09,1.00E+06
RQTL10.L7B2,MQTLI_1AP,1,0.0883,8.10E-09,0.2,0.00178,0.05,0,0.2,0,0,0,0,0,0,0,0,0,0.00E+00,1.00E+02,5.50E+02,3.00E+00,1.00E-01,1.00E+01,2.00E+01,4.35E+02,1.00E-02,1.00E-09,1.00E-09,1.00E+06
RQTL10.R3B1,MQTLI_1AP,1,0.0883,8.10E-09,0.2,0.00178,0.05,0,0.2,0,0,0,0,0,0,0,0,0,0.00E+00,1.00E+02,5.50E+02,3.00E+00,1.00E-01,1.00E+01,2.00E+01,4.35E+02,1.00E-02,1.00E-09,1.00E-09,1.00E+06
RQTL10.R3B2,MQTLI_1AP,1,0.0883,8.10E-09,0.2,0.00178,0.05,0,0.2,0,0,0,0,0,0,0,0,0,0.00E+00,1.00E+02,5.50E+02,3.00E+00,1.00E-01,1.00E+01,2.00E+01,4.35E+02,1.00E-02,1.00E-09,1.00E-09,1.00E+06
RQTL10.R7B1,MQTLI_1AP,1,0.0883,8.10E-09,0.2,0.00178,0.05,0,0.2,0,0,0,0,0,0,0,0,0,0.00E+00,1.00E+02,5.50E+02,3.00E+00,1.00E-01,1.00E+01,2.00E+01,4.35E+02,1.00E-02,1.00E-09,1.00E-09,1.00E+06
RQTL10.R7B2,MQTLI_1AP,1,0.0883,8.10E-09,0.2,0.00178,0.05,0,0.2,0,0,0,0,0,0,0,0,0,0.00E+00,1.00E+02,5.50E+02,3.00E+00,1.00E-01,1.00E+01,2.00E+01,4.35E+02,1.00E-02,1.00E-09,1.00E-09,1.00E+06
RQTL11.L1B1,MQTLI_1AP,1,0.0883,8.10E-09,0.2,0.00251,0.05,0,0.2,0,0,0,0,0,0,0,0,0,0.00E+00,1.00E+02,5.50E+02,5.00E+00,5.00E-01,1.00E+01,2.00E+01,4.35E+02,1.00E-02,1.00E-09,1.00E-09,1.00E+06
RQTL11.L1B2,MQTLI_1AP,1,0.0883,8.10E-09,0.2,0.00251,0.05,0,0.2,0,0,0,0,0,0,0,0,0,0.00E+00,1.00E+02,5.50E+02,5.00E+00,5.00E-01,1.00E+01,2.00E+01,4.35E+02,1.00E-02,1.00E-09,1.00E-09,1.00E+06
RQTL11.L2B1,MQTLI_1AP,1,0.0883,8.10E-09,0.2,0.00251,0.05,0,0.2,0,0,0,0,0,0,0,0,0,0.00E+00,1.00E+02,5.50E+02,5.00E+00,5.00E-01,1.00E+01,2.00E+01,4.35E+02,1.00E-02,1.00E-09,1.00E-09,1.00E+06
RQTL11.L2B2,MQTLI_1AP,1,0.0883,8.10E-09,0.2,0.00251,0.05,0,0.2,0,0,0,0,0,0,0,0,0,0.00E+00,1.00E+02,5.50E+02,5.00E+00,5.00E-01,1.00E+01,2.00E+01,4.35E+02,1.00E-02,1.00E-09,1.00E-09,1.00E+06
RQTL11.L3B1,MQTLI_1AP,1,0.0883,8.10E-09,0.2,0.00251,0.05,0,0.2,0,0,0,0,0,0,0,0,0,0.00E+00,1.00E+02,5.50E+02,5.00E+00,5.00E-01,1.00E+01,2.00E+01,4.35E+02,1.00E-02,1.00E-09,1.00E-09,1.00E+06
RQTL11.L3B2,MQTLI_1AP,1,0.0883,8.10E-09,0.2,0.00251,0.05,0,0.2,0,0,0,0,0,0,0,0,0,0.00E+00,1.00E+02,5.50E+02,5.00E+00,5.00E-01,1.00E+01,2.00E+01,4.35E+02,1.00E-02,1.00E-09,1.00E-09,1.00E+06
RQTL11.L4B1,MQTLI_1AP,1,0.0883,8.10E-09,0.2,0.00251,0.05,0,0.2,0,0,0,0,0,0,0,0,0,0.00E+00,1.00E+02,5.50E+02,5.00E+00,5.00E-01,1.00E+01,2.00E+01,4.35E+02,1.00E-02,1.00E-09,1.00E-09,1.00E+06
RQTL11.L4B2,MQTLI_1AP,1,0.0883,8.10E-09,0.2,0.00251,0.05,0,0.2,0,0,0,0,0,0,0,0,0,0.00E+00,1.00E+02,5.50E+02,5.00E+00,5.00E-01,1.00E+01,2.00E+01,4.35E+02,1.00E-02,1.00E-09,1.00E-09,1.00E+06
RQTL11.L5B1,MQTLI_1AP,1,0.0883,8.10E-09,0.2,0.00251,0.05,0,0.2,0,0,0,0,0,0,0,0,0,0.00E+00,1.00E+02,5.50E+02,5.00E+00,5.00E-01,1.00E+01,2.00E+01,4.35E+02,1.00E-02,1.00E-09,1.00E-09,1.00E+06
RQTL11.L5B2,MQTLI_1AP,1,0.0883,8.10E-09,0.2,0.00251,0.05,0,0.2,0,0,0,0,0,0,0,0,0,0.00E+00,1.00E+02,5.50E+02,5.00E+00,5.00E-01,1.00E+01,2.00E+01,4.35E+02,1.00E-02,1.00E-09,1.00E-09,1.00E+06
RQTL11.L6B1,MQTLI_1AP,1,0.0883,8.10E-09,0.2,0.00251,0.05,0,0.2,0,0,0,0,0,0,0,0,0,0.00E+00,1.00E+02,5.50E+02,5.00E+00,5.00E-01,1.00E+01,2.00E+01,4.35E+02,1.00E-02,1.00E-09,1.00E-09,1.00E+06
RQTL11.L6B2,MQTLI_1AP,1,0.0883,8.10E-09,0.2,0.00251,0.05,0,0.2,0,0,0,0,0,0,0,0,0,0.00E+00,1.00E+02,5.50E+02,5.00E+00,5.00E-01,1.00E+01,2.00E+01,4.35E+02,1.00E-02,1.00E-09,1.00E-09,1.00E+06
RQTL11.L7B1,MQTLI_1AP,1,0.0883,8.10E-09,0.2,0.00251,0.05,0,0.2,0,0,0,0,0,0,0,0,0,0.00E+00,1.00E+02,5.50E+02,5.00E+00,5.00E-01,1.00E+01,2.00E+01,4.35E+02,1.00E-02,1.00E-09,1.00E-09,1.00E+06
RQTL11.L7B2,MQTLI_1AP,1,0.0883,8.10E-09,0.2,0.00251,0.05,0,0.2,0,0,0,0,0,0,0,0,0,0.00E+00,1.00E+02,5.50E+02,5.00E+00,5.00E-01,1.00E+01,2.00E+01,4.35E+02,1.00E-02,1.00E-09,1.00E-09,1.00E+06
RQTL11.L8B1,MQTLI_1AP,1,0.0883,8.10E-09,0.2,0.00251,0.05,0,0.2,0,0,0,0,0,0,0,0,0,0.00E+00,1.00E+02,5.50E+02,5.00E+00,5.00E-01,1.00E+01,2.00E+01,4.35E+02,1.00E-02,1.00E-09,1.00E-09,1.00E+06
RQTL11.L8B2,MQTLI_1AP,1,0.0883,8.10E-09,0.2,0.00251,0.05,0,0.2,0,0,0,0,0,0,0,0,0,0.00E+00,1.00E+02,5.50E+02,5.00E+00,5.00E-01,1.00E+01,2.00E+01,4.35E+02,1.00E-02,1.00E-09,1.00E-09,1.00E+06
RQTL11.R1B1,MQTLI_1AP,1,0.0883,8.10E-09,0.2,0.00251,0.05,0,0.2,0,0,0,0,0,0,0,0,0,0.00E+00,1.00E+02,5.50E+02,5.00E+00,5.00E-01,1.00E+01,2.00E+01,4.35E+02,1.00E-02,1.00E-09,1.00E-09,1.00E+06
RQTL11.R1B2,MQTLI_1AP,1,0.0883,8.10E-09,0.2,0.00251,0.05,0,0.2,0,0,0,0,0,0,0,0,0,0.00E+00,1.00E+02,5.50E+02,5.00E+00,5.00E-01,1.00E+01,2.00E+01,4.35E+02,1.00E-02,1.00E-09,1.00E-09,1.00E+06
RQTL11.R2B1,MQTLI_1AP,1,0.0883,8.10E-09,0.2,0.00251,0.05,0,0.2,0,0,0,0,0,0,0,0,0,0.00E+00,1.00E+02,5.50E+02,5.00E+00,5.00E-01,1.00E+01,2.00E+01,4.35E+02,1.00E-02,1.00E-09,1.00E-09,1.00E+06
RQTL11.R2B2,MQTLI_1AP,1,0.0883,8.10E-09,0.2,0.00251,0.05,0,0.2,0,0,0,0,0,0,0,0,0,0.00E+00,1.00E+02,5.50E+02,5.00E+00,5.00E-01,1.00E+01,2.00E+01,4.35E+02,1.00E-02,1.00E-09,1.00E-09,1.00E+06
RQTL11.R3B1,MQTLI_1AP,1,0.0883,8.10E-09,0.2,0.00251,0.05,0,0.2,0,0,0,0,0,0,0,0,0,0.00E+00,1.00E+02,5.50E+02,5.00E+00,5.00E-01,1.00E+01,2.00E+01,4.35E+02,1.00E-02,1.00E-09,1.00E-09,1.00E+06
RQTL11.R3B2,MQTLI_1AP,1,0.0883,8.10E-09,0.2,0.00251,0.05,0,0.2,0,0,0,0,0,0,0,0,0,0.00E+00,1.00E+02,5.50E+02,5.00E+00,5.00E-01,1.00E+01,2.00E+01,4.35E+02,1.00E-02,1.00E-09,1.00E-09,1.00E+06
RQTL11.R4B1,MQTLI_1AP,1,0.0883,8.10E-09,0.2,0.00251,0.05,0,0.2,0,0,0,0,0,0,0,0,0,0.00E+00,1.00E+02,5.50E+02,5.00E+00,5.00E-01,1.00E+01,2.00E+01,4.35E+02,1.00E-02,1.00E-09,1.00E-09,1.00E+06
RQTL11.R4B2,MQTLI_1AP,1,0.0883,8.10E-09,0.2,0.00251,0.05,0,0.2,0,0,0,0,0,0,0,0,0,0.00E+00,1.00E+02,5.50E+02,5.00E+00,5.00E-01,1.00E+01,2.00E+01,4.35E+02,1.00E-02,1.00E-09,1.00E-09,1.00E+06
RQTL11.R5B1,MQTLI_1AP,1,0.0883,8.10E-09,0.2,0.00251,0.05,0,0.2,0,0,0,0,0,0,0,0,0,0.00E+00,1.00E+02,5.50E+02,5.00E+00,5.00E-01,1.00E+01,2.00E+01,4.35E+02,1.00E-02,1.00E-09,1.00E-09,1.00E+06
RQTL11.R5B2,MQTLI_1AP,1,0.0883,8.10E-09,0.2,0.00251,0.05,0,0.2,0,0,0,0,0,0,0,0,0,0.00E+00,1.00E+02,5.50E+02,5.00E+00,5.00E-01,1.00E+01,2.00E+01,4.35E+02,1.00E-02,1.00E-09,1.00E-09,1.00E+06
RQTL11.R6B1,MQTLI_1AP,1,0.0883,8.10E-09,0.2,0.00251,0.05,0,0.2,0,0,0,0,0,0,0,0,0,0.00E+00,1.00E+02,5.50E+02,5.00E+00,5.00E-01,1.00E+01,2.00E+01,4.35E+02,1.00E-02,1.00E-09,1.00E-09,1.00E+06
RQTL11.R6B2,MQTLI_1AP,1,0.0883,8.10E-09,0.2,0.00251,0.05,0,0.2,0,0,0,0,0,0,0,0,0,0.00E+00,1.00E+02,5.50E+02,5.00E+00,5.00E-01,1.00E+01,2.00E+01,4.35E+02,1.00E-02,1.00E-09,1.00E-09,1.00E+06
RQTL11.R7B1,MQTLI_1AP,1,0.0883,8.10E-09,0.2,0.00251,0.05,0,0.2,0,0,0,0,0,0,0,0,0,0.00E+00,1.00E+02,5.50E+02,5.00E+00,5.00E-01,1.00E+01,2.00E+01,4.35E+02,1.00E-02,1.00E-09,1.00E-09,1.00E+06
RQTL11.R7B2,MQTLI_1AP,1,0.0883,8.10E-09,0.2,0.00251,0.05,0,0.2,0,0,0,0,0,0,0,0,0,0.00E+00,1.00E+02,5.50E+02,5.00E+00,5.00E-01,1.00E+01,2.00E+01,4.35E+02,1.00E-02,1.00E-09,1.00E-09,1.00E+06
RQTL11.R8B1,MQTLI_1AP,1,0.0883,8.10E-09,0.2,0.00251,0.05,0,0.2,0,0,0,0,0,0,0,0,0,0.00E+00,1.00E+02,5.50E+02,5.00E+00,5.00E-01,1.00E+01,2.00E+01,4.35E+02,1.00E-02,1.00E-09,1.00E-09,1.00E+06
RQTL11.R8B2,MQTLI_1AP,1,0.0883,8.10E-09,0.2,0.00251,0.05,0,0.2,0,0,0,0,0,0,0,0,0,0.00E+00,1.00E+02,5.50E+02,5.00E+00,5.00E-01,1.00E+01,2.00E+01,4.35E+02,1.00E-02,1.00E-09,1.00E-09,1.00E+06
RQTL7.L3B1,MQTLI_1AP,1,0.0883,8.10E-09,0.2,0.0018,0.05,0,0.2,0,0,0,0,0,0,0,0,0,0.00E+00,1.00E+02,5.50E+02,1.50E+00,1.00E-01,1.00E+01,2.00E+01,4.35E+02,1.00E-02,1.00E-09,1.00E-09,1.00E+06
RQTL7.L3B2,MQTLI_1AP,1,0.0883,8.10E-09,0.2,0.0018,0.05,0,0.2,0,0,0,0,0,0,0,0,0,0.00E+00,1.00E+02,5.50E+02,1.50E+00,1.00E-01,1.00E+01,2.00E+01,4.35E+02,1.00E-02,1.00E-09,1.00E-09,1.00E+06
RQTL7.L7B1,MQTLI_1AP,1,0.0883,8.10E-09,0.2,0.0018,0.05,0,0.2,0,0,0,0,0,0,0,0,0,0.00E+00,1.00E+02,5.50E+02,1.50E+00,1.00E-01,1.00E+01,2.00E+01,4.35E+02,1.00E-02,1.00E-09,1.00E-09,1.00E+06
RQTL7.L7B2,MQTLI_1AP,1,0.0883,8.10E-09,0.2,0.0018,0.05,0,0.2,0,0,0,0,0,0,0,0,0,0.00E+00,1.00E+02,5.50E+02,1.50E+00,1.00E-01,1.00E+01,2.00E+01,4.35E+02,1.00E-02,1.00E-09,1.00E-09,1.00E+06
RQTL7.R3B1,MQTLI_1AP,1,0.0883,8.10E-09,0.2,0.0018,0.05,0,0.2,0,0,0,0,0,0,0,0,0,0.00E+00,1.00E+02,5.50E+02,1.50E+00,1.00E-01,1.00E+01,2.00E+01,4.35E+02,1.00E-02,1.00E-09,1.00E-09,1.00E+06
RQTL7.R3B2,MQTLI_1AP,1,0.0883,8.10E-09,0.2,0.0018,0.05,0,0.2,0,0,0,0,0,0,0,0,0,0.00E+00,1.00E+02,5.50E+02,1.50E+00,1.00E-01,1.00E+01,2.00E+01,4.35E+02,1.00E-02,1.00E-09,1.00E-09,1.00E+06
RQTL7.R7B1,MQTLI_1AP,1,0.0883,8.10E-09,0.2,0.0018,0.05,0,0.2,0,0,0,0,0,0,0,0,0,0.00E+00,1.00E+02,5.50E+02,1.50E+00,1.00E-01,1.00E+01,2.00E+01,4.35E+02,1.00E-02,1.00E-09,1.00E-09,1.00E+06
RQTL7.R7B2,MQTLI_1AP,1,0.0883,8.10E-09,0.2,0.0018,0.05,0,0.2,0,0,0,0,0,0,0,0,0,0.00E+00,1.00E+02,5.50E+02,1.50E+00,1.00E-01,1.00E+01,2.00E+01,4.35E+02,1.00E-02,1.00E-09,1.00E-09,1.00E+06
RQTL8.L3B1,MQTLI_1AP,1,0.0883,8.10E-09,0.2,0.0018,0.05,0,0.2,0,0,0,0,0,0,0,0,0,0.00E+00,1.00E+02,5.50E+02,1.50E+00,1.00E-01,1.00E+01,2.00E+01,4.35E+02,1.00E-02,1.00E-09,1.00E-09,1.00E+06
RQTL8.L3B2,MQTLI_1AP,1,0.0883,8.10E-09,0.2,0.0018,0.05,0,0.2,0,0,0,0,0,0,0,0,0,0.00E+00,1.00E+02,5.50E+02,1.50E+00,1.00E-01,1.00E+01,2.00E+01,4.35E+02,1.00E-02,1.00E-09,1.00E-09,1.00E+06
RQTL8.L7B1,MQTLI_1AP,1,0.0883,8.10E-09,0.2,0.0018,0.05,0,0.2,0,0,0,0,0,0,0,0,0,0.00E+00,1.00E+02,5.50E+02,1.50E+00,1.00E-01,1.00E+01,2.00E+01,4.35E+02,1.00E-02,1.00E-09,1.00E-09,1.00E+06
RQTL8.L7B2,MQTLI_1AP,1,0.0883,8.10E-09,0.2,0.0018,0.05,0,0.2,0,0,0,0,0,0,0,0,0,0.00E+00,1.00E+02,5.50E+02,1.50E+00,1.00E-01,1.00E+01,2.00E+01,4.35E+02,1.00E-02,1.00E-09,1.00E-09,1.00E+06
RQTL8.R3B1,MQTLI_1AP,1,0.0883,8.10E-09,0.2,0.0018,0.05,0,0.2,0,0,0,0,0,0,0,0,0,0.00E+00,1.00E+02,5.50E+02,1.50E+00,1.00E-01,1.00E+01,2.00E+01,4.35E+02,1.00E-02,1.00E-09,1.00E-09,1.00E+06
RQTL8.R3B2,MQTLI_1AP,1,0.0883,8.10E-09,0.2,0.0018,0.05,0,0.2,0,0,0,0,0,0,0,0,0,0.00E+00,1.00E+02,5.50E+02,1.50E+00,1.00E-01,1.00E+01,2.00E+01,4.35E+02,1.00E-02,1.00E-09,1.00E-09,1.00E+06
RQTL8.R7B1,MQTLI_1AP,1,0.0883,8.10E-09,0.2,0.0018,0.05,0,0.2,0,0,0,0,0,0,0,0,0,0.00E+00,1.00E+02,5.50E+02,1.50E+00,1.00E-01,1.00E+01,2.00E+01,4.35E+02,1.00E-02,1.00E-09,1.00E-09,1.00E+06
RQTL8.R7B2,MQTLI_1AP,1,0.0883,8.10E-09,0.2,0.0018,0.05,0,0.2,0,0,0,0,0,0,0,0,0,0.00E+00,1.00E+02,5.50E+02,1.50E+00,1.00E-01,1.00E+01,2.00E+01,4.35E+02,1.00E-02,1.00E-09,1.00E-09,1.00E+06
RQTL9.L3B1,MQTLI_1AP,2,0.0883,8.10E-09,0.2,0.00516,0.05,0,0.2,290.008,0.4,0.0008,1,0.00044,1.00E-06,0,0,0,0.00E+00,1.00E+02,5.50E+02,3.00E+00,1.00E-01,1.00E+01,2.00E+01,2.90E+02,1.00E-02,1.00E-09,1.00E-09,1.00E+06
RQTL9.L3B2,MQTLI_1AP,2,0.0883,8.10E-09,0.2,0.00511,0.05,0,0.2,290.008,0.4,0.0008,1,0.00044,1.00E-06,0,0,0,0.00E+00,1.00E+02,5.50E+02,3.00E+00,1.00E-01,1.00E+01,2.00E+01,2.90E+02,1.00E-02,1.00E-09,1.00E-09,1.00E+06
RQTL9.L7B1,MQTLI_1AP,2,0.0883,8.10E-09,0.2,0.00217,0.05,0,0.2,290.008,0.4,0.0008,1,0.00044,1.00E-06,0,0,0,0.00E+00,1.00E+02,5.50E+02,3.00E+00,1.00E-01,1.00E+01,2.00E+01,2.90E+02,1.00E-02,1.00E-09,1.00E-09,1.00E+06
RQTL9.L7B2,MQTLI_1AP,2,0.0883,8.10E-09,0.2,0.00196,0.05,0,0.2,290.008,0.4,0.0008,1,0.00044,1.00E-06,0,0,0,0.00E+00,1.00E+02,5.50E+02,3.00E+00,1.00E-01,1.00E+01,2.00E+01,2.90E+02,1.00E-02,1.00E-09,1.00E-09,1.00E+06
RQTL9.R3B1,MQTLI_1AP,2,0.0883,8.10E-09,0.2,0.00348,0.05,0,0.2,290.008,0.4,0.0008,1,0.00044,1.00E-06,0,0,0,0.00E+00,1.00E+02,5.50E+02,3.00E+00,1.00E-01,1.00E+01,2.00E+01,2.90E+02,1.00E-02,1.00E-09,1.00E-09,1.00E+06
RQTL9.R3B2,MQTLI_1AP,2,0.0883,8.10E-09,0.2,0.00361,0.05,0,0.2,290.008,0.4,0.0008,1,0.00044,1.00E-06,0,0,0,0.00E+00,1.00E+02,5.50E+02,3.00E+00,1.00E-01,1.00E+01,2.00E+01,2.90E+02,1.00E-02,1.00E-09,1.00E-09,1.00E+06
RQTL9.R7B1,MQTLI_1AP,2,0.0883,8.10E-09,0.2,0.00246,0.05,0,0.2,290.008,0.4,0.0008,1,0.00044,1.00E-06,0,0,0,0.00E+00,1.00E+02,5.50E+02,3.00E+00,1.00E-01,1.00E+01,2.00E+01,2.90E+02,1.00E-02,1.00E-09,1.00E-09,1.00E+06
RQTL9.R7B2,MQTLI_1AP,2,0.0883,8.10E-09,0.2,0.00237,0.05,0,0.2,290.008,0.4,0.0008,1,0.00044,1.00E-06,0,0,0,0.00E+00,1.00E+02,5.50E+02,3.00E+00,1.00E-01,1.00E+01,2.00E+01,2.90E+02,1.00E-02,1.00E-09,1.00E-09,1.00E+06
RSD1.A12B1,MS_1AP,11,0.029,1.18E-09,0.15,0.00612,0.05,0,0.2,430.008,0.678,0.0008,1,0.00044,1.00E-06,0,0,0,0.00E+00,1.00E+02,5.50E+02,1.50E+00,1.50E-01,1.00E+01,2.00E+01,4.30E+02,1.00E-02,1.00E-09,1.00E-09,1.00E+06
RSD1.A12B2,MS_1AP,11,0.029,1.18E-09,0.15,0.00611,0.05,0,0.2,430.008,0.67,0.0008,1,0.00044,1.00E-06,0,0,0,0.00E+00,1.00E+02,5.50E+02,1.50E+00,1.50E-01,1.00E+01,2.00E+01,4.30E+02,1.00E-02,1.00E-09,1.00E-09,1.00E+06
RSD1.A23B1,MS_1AP,11,0.029,1.18E-09,0.15,0.0063,0.05,0,0.2,430.008,0.704,0.0008,1,0.00044,1.00E-06,0,0,0,0.00E+00,1.00E+02,5.50E+02,1.50E+00,1.50E-01,1.00E+01,2.00E+01,4.30E+02,1.00E-02,1.00E-09,1.00E-09,1.00E+06
RSD1.A23B2,MS_1AP,11,0.029,1.18E-09,0.15,0.00637,0.05,0,0.2,430.008,0.698,0.0008,1,0.00044,1.00E-06,0,0,0,0.00E+00,1.00E+02,5.50E+02,1.50E+00,1.50E-01,1.00E+01,2.00E+01,4.30E+02,1.00E-02,1.00E-09,1.00E-09,1.00E+06
RSD1.A34B1,MS_1AP,11,0.029,1.18E-09,0.15,0.00676,0.05,0,0.2,430.008,0.691,0.0008,1,0.00044,1.00E-06,0,0,0,0.00E+00,1.00E+02,5.50E+02,1.50E+00,1.50E-01,1.00E+01,2.00E+01,4.30E+02,1.00E-02,1.00E-09,1.00E-09,1.00E+06
RSD1.A34B2,MS_1AP,11,0.029,1.18E-09,0.15,0.00735,0.05,0,0.2,430.008,0.7,0.0008,1,0.00044,1.00E-06,0,0,0,0.00E+00,1.00E+02,5.50E+02,1.50E+00,1.50E-01,1.00E+01,2.00E+01,4.30E+02,1.00E-02,1.00E-09,1.00E-09,1.00E+06
RSD1.A45B1,MS_1AP,11,0.029,1.18E-09,0.15,0.00702,0.05,0,0.2,430.008,0.689,0.0008,1,0.00044,1.00E-06,0,0,0,0.00E+00,1.00E+02,5.50E+02,1.50E+00,1.50E-01,1.00E+01,2.00E+01,4.30E+02,1.00E-02,1.00E-09,1.00E-09,1.00E+06
RSD1.A45B2,MS_1AP,11,0.029,1.18E-09,0.15,0.00724,0.05,0,0.2,430.008,0.693,0.0008,1,0.00044,1.00E-06,0,0,0,0.00E+00,1.00E+02,5.50E+02,1.50E+00,1.50E-01,1.00E+01,2.00E+01,4.30E+02,1.00E-02,1.00E-09,1.00E-09,1.00E+06
RSD1.A56B1,MS_1AP,11,0.029,1.18E-09,0.15,0.00365,0.05,0,0.2,430.008,0.68,0.0008,1,0.00044,1.00E-06,0,0,0,0.00E+00,1.00E+02,5.50E+02,1.50E+00,1.50E-01,1.00E+01,2.00E+01,4.30E+02,1.00E-02,1.00E-09,1.00E-09,1.00E+06
RSD1.A56B2,MS_1AP,11,0.029,1.18E-09,0.15,0.00514,0.05,0,0.2,430.008,0.704,0.0008,1,0.00044,1.00E-06,0,0,0,0.00E+00,1.00E+02,5.50E+02,1.50E+00,1.50E-01,1.00E+01,2.00E+01,4.30E+02,1.00E-02,1.00E-09,1.00E-09,1.00E+06
RSD1.A67B1,MS_1AP,11,0.029,1.18E-09,0.15,0.00611,0.05,0,0.2,430.008,0.706,0.0008,1,0.00044,1.00E-06,0,0,0,0.00E+00,1.00E+02,5.50E+02,1.50E+00,1.50E-01,1.00E+01,2.00E+01,4.30E+02,1.00E-02,1.00E-09,1.00E-09,1.00E+06
RSD1.A67B2,MS_1AP,11,0.029,1.18E-09,0.15,0.00597,0.05,0,0.2,430.008,0.688,0.0008,1,0.00044,1.00E-06,0,0,0,0.00E+00,1.00E+02,5.50E+02,1.50E+00,1.50E-01,1.00E+01,2.00E+01,4.30E+02,1.00E-02,1.00E-09,1.00E-09,1.00E+06
RSD1.A78B1,MS_1AP,11,0.029,1.18E-09,0.15,0.00665,0.05,0,0.2,430.008,0.718,0.0008,1,0.00044,1.00E-06,0,0,0,0.00E+00,1.00E+02,5.50E+02,1.50E+00,1.50E-01,1.00E+01,2.00E+01,4.30E+02,1.00E-02,1.00E-09,1.00E-09,1.00E+06
RSD1.A78B2,MS_1AP,11,0.029,1.18E-09,0.15,0.00657,0.05,0,0.2,430.008,0.703,0.0008,1,0.00044,1.00E-06,0,0,0,0.00E+00,1.00E+02,5.50E+02,1.50E+00,1.50E-01,1.00E+01,2.00E+01,4.30E+02,1.00E-02,1.00E-09,1.00E-09,1.00E+06
RSD1.A81B1,MS_1AP,11,0.029,1.18E-09,0.15,0.00755,0.05,0,0.2,430.008,0.705,0.0008,1,0.00044,1.00E-06,0,0,0,0.00E+00,1.00E+02,5.50E+02,1.50E+00,1.50E-01,1.00E+01,2.00E+01,4.30E+02,1.00E-02,1.00E-09,1.00E-09,1.00E+06
RSD1.A81B2,MS_1AP,11,0.029,1.18E-09,0.15,0.00746,0.05,0,0.2,430.008,0.673,0.0008,1,0.00044,1.00E-06,0,0,0,0.00E+00,1.00E+02,5.50E+02,1.50E+00,1.50E-01,1.00E+01,2.00E+01,4.30E+02,1.00E-02,1.00E-09,1.00E-09,1.00E+06
RSD2.A12B1,MS_1AP,11,0.029,1.18E-09,0.15,0.00607,0.05,0,0.2,430.008,0.66,0.0008,1,0.00044,1.00E-06,0,0,0,0.00E+00,1.00E+02,5.50E+02,1.50E+00,1.50E-01,1.00E+01,2.00E+01,4.30E+02,1.00E-02,1.00E-09,1.00E-09,1.00E+06
RSD2.A12B2,MS_1AP,11,0.029,1.18E-09,0.15,0.00598,0.05,0,0.2,430.008,0.68,0.0008,1,0.00044,1.00E-06,0,0,0,0.00E+00,1.00E+02,5.50E+02,1.50E+00,1.50E-01,1.00E+01,2.00E+01,4.30E+02,1.00E-02,1.00E-09,1.00E-09,1.00E+06
RSD2.A23B1,MS_1AP,11,0.029,1.18E-09,0.15,0.00619,0.05,0,0.2,430.008,0.695,0.0008,1,0.00044,1.00E-06,0,0,0,0.00E+00,1.00E+02,5.50E+02,1.50E+00,1.50E-01,1.00E+01,2.00E+01,4.30E+02,1.00E-02,1.00E-09,1.00E-09,1.00E+06
RSD2.A23B2,MS_1AP,11,0.029,1.18E-09,0.15,0.00656,0.05,0,0.2,430.008,0.695,0.0008,1,0.00044,1.00E-06,0,0,0,0.00E+00,1.00E+02,5.50E+02,1.50E+00,1.50E-01,1.00E+01,2.00E+01,4.30E+02,1.00E-02,1.00E-09,1.00E-09,1.00E+06
RSD2.A34B1,MS_1AP,11,0.029,1.18E-09,0.15,0.00661,0.05,0,0.2,430.008,0.695,0.0008,1,0.00044,1.00E-06,0,0,0,0.00E+00,1.00E+02,5.50E+02,1.50E+00,1.50E-01,1.00E+01,2.00E+01,4.30E+02,1.00E-02,1.00E-09,1.00E-09,1.00E+06
RSD2.A34B2,MS_1AP,11,0.029,1.18E-09,0.15,0.00693,0.05,0,0.2,430.008,0.695,0.0008,1,0.00044,1.00E-06,0,0,0,0.00E+00,1.00E+02,5.50E+02,1.50E+00,1.50E-01,1.00E+01,2.00E+01,4.30E+02,1.00E-02,1.00E-09,1.00E-09,1.00E+06
RSD2.A45B1,MS_1AP,11,0.029,1.18E-09,0.15,0.00743,0.05,0,0.2,430.008,0.689,0.0008,1,0.00044,1.00E-06,0,0,0,0.00E+00,1.00E+02,5.50E+02,1.50E+00,1.50E-01,1.00E+01,2.00E+01,4.30E+02,1.00E-02,1.00E-09,1.00E-09,1.00E+06
RSD2.A45B2,MS_1AP,11,0.029,1.18E-09,0.15,0.00723,0.05,0,0.2,430.008,0.696,0.0008,1,0.00044,1.00E-06,0,0,0,0.00E+00,1.00E+02,5.50E+02,1.50E+00,1.50E-01,1.00E+01,2.00E+01,4.30E+02,1.00E-02,1.00E-09,1.00E-09,1.00E+06
RSD2.A56B1,MS_1AP,11,0.029,1.18E-09,0.15,0.00342,0.05,0,0.2,430.008,0.7,0.0008,1,0.00044,1.00E-06,0,0,0,0.00E+00,1.00E+02,5.50E+02,1.50E+00,1.50E-01,1.00E+01,2.00E+01,4.30E+02,1.00E-02,1.00E-09,1.00E-09,1.00E+06
RSD2.A56B2,MS_1AP,11,0.029,1.18E-09,0.15,0.00508,0.05,0,0.2,430.008,0.692,0.0008,1,0.00044,1.00E-06,0,0,0,0.00E+00,1.00E+02,5.50E+02,1.50E+00,1.50E-01,1.00E+01,2.00E+01,4.30E+02,1.00E-02,1.00E-09,1.00E-09,1.00E+06
RSD2.A67B1,MS_1AP,11,0.029,1.18E-09,0.15,0.00238,0.05,0,0.2,430.008,0.706,0.0008,1,0.00044,1.00E-06,0,0,0,0.00E+00,1.00E+02,5.50E+02,1.50E+00,1.50E-01,1.00E+01,2.00E+01,4.30E+02,1.00E-02,1.00E-09,1.00E-09,1.00E+06
RSD2.A67B2,MS_1AP,11,0.029,1.18E-09,0.15,0.00629,0.05,0,0.2,430.008,0.674,0.0008,1,0.00044,1.00E-06,0,0,0,0.00E+00,1.00E+02,5.50E+02,1.50E+00,1.50E-01,1.00E+01,2.00E+01,4.30E+02,1.00E-02,1.00E-09,1.00E-09,1.00E+06
RSD2.A78B1,MS_1AP,11,0.029,1.18E-09,0.15,0.00678,0.05,0,0.2,430.008,0.698,0.0008,1,0.00044,1.00E-06,0,0,0,0.00E+00,1.00E+02,5.50E+02,1.50E+00,1.50E-01,1.00E+01,2.00E+01,4.30E+02,1.00E-02,1.00E-09,1.00E-09,1.00E+06
RSD2.A78B2,MS_1AP,11,0.029,1.18E-09,0.15,0.00661,0.05,0,0.2,430.008,0.708,0.0008,1,0.00044,1.00E-06,0,0,0,0.00E+00,1.00E+02,5.50E+02,1.50E+00,1.50E-01,1.00E+01,2.00E+01,4.30E+02,1.00E-02,1.00E-09,1.00E-09,1.00E+06
RSD2.A81B1,MS_1AP,11,0.029,1.18E-09,0.15,0.00729,0.05,0,0.2,430.008,0.717,0.0008,1,0.00044,1.00E-06,0,0,0,0.00E+00,1.00E+02,5.50E+02,1.50E+00,1.50E-01,1.00E+01,2.00E+01,4.30E+02,1.00E-02,1.00E-09,1.00E-09,1.00E+06
RSD2.A81B2,MS_1AP,11,0.029,1.18E-09,0.15,0.0075,0.05,0,0.2,430.008,0.688,0.0008,1,0.00044,1.00E-06,0,0,0,0.00E+00,1.00E+02,5.50E+02,1.50E+00,1.50E-01,1.00E+01,2.00E+01,4.30E+02,1.00E-02,1.00E-09,1.00E-09,1.00E+06
RSF1.A12B1,MS_1AP,10,0.029,1.18E-09,0.15,0.00602,0.05,0,0.2,430.008,0.666,0.0008,1,0.00044,1.00E-06,0,0,0,0.00E+00,1.00E+02,5.50E+02,1.50E+00,1.50E-01,1.00E+01,2.00E+01,4.30E+02,1.00E-02,1.00E-09,1.00E-09,1.00E+06
RSF1.A12B2,MS_1AP,10,0.029,1.18E-09,0.15,0.00636,0.05,0,0.2,430.008,0.677,0.0008,1,0.00044,1.00E-06,0,0,0,0.00E+00,1.00E+02,5.50E+02,1.50E+00,1.50E-01,1.00E+01,2.00E+01,4.30E+02,1.00E-02,1.00E-09,1.00E-09,1.00E+06
RSF1.A23B1,MS_1AP,10,0.029,1.18E-09,0.15,0.00642,0.05,0,0.2,430.008,0.692,0.0008,1,0.00044,1.00E-06,0,0,0,0.00E+00,1.00E+02,5.50E+02,1.50E+00,1.50E-01,1.00E+01,2.00E+01,4.30E+02,1.00E-02,1.00E-09,1.00E-09,1.00E+06
RSF1.A23B2,MS_1AP,10,0.029,1.18E-09,0.15,0.00663,0.05,0,0.2,430.008,0.687,0.0008,1,0.00044,1.00E-06,0,0,0,0.00E+00,1.00E+02,5.50E+02,1.50E+00,1.50E-01,1.00E+01,2.00E+01,4.30E+02,1.00E-02,1.00E-09,1.00E-09,1.00E+06
RSF1.A34B1,MS_1AP,10,0.029,1.18E-09,0.15,0.00706,0.05,0,0.2,430.008,0.701,0.0008,1,0.00044,1.00E-06,0,0,0,0.00E+00,1.00E+02,5.50E+02,1.50E+00,1.50E-01,1.00E+01,2.00E+01,4.30E+02,1.00E-02,1.00E-09,1.00E-09,1.00E+06
RSF1.A34B2,MS_1AP,10,0.029,1.18E-09,0.15,0.00713,0.05,0,0.2,430.008,0.698,0.0008,1,0.00044,1.00E-06,0,0,0,0.00E+00,1.00E+02,5.50E+02,1.50E+00,1.50E-01,1.00E+01,2.00E+01,4.30E+02,1.00E-02,1.00E-09,1.00E-09,1.00E+06
RSF1.A45B1,MS_1AP,10,0.029,1.18E-09,0.15,0.00674,0.05,0,0.2,430.008,0.704,0.0008,1,0.00044,1.00E-06,0,0,0,0.00E+00,1.00E+02,5.50E+02,1.50E+00,1.50E-01,1.00E+01,2.00E+01,4.30E+02,1.00E-02,1.00E-09,1.00E-09,1.00E+06
RSF1.A45B2,MS_1AP,10,0.029,1.18E-09,0.15,0.00697,0.05,0,0.2,430.008,0.692,0.0008,1,0.00044,1.00E-06,0,0,0,0.00E+00,1.00E+02,5.50E+02,1.50E+00,1.50E-01,1.00E+01,2.00E+01,4.30E+02,1.00E-02,1.00E-09,1.00E-09,1.00E+06
RSF1.A56B1,MS_1AP,10,0.029,1.18E-09,0.15,0.00393,0.05,0,0.2,430.008,0.693,0.0008,1,0.00044,1.00E-06,0,0,0,0.00E+00,1.00E+02,5.50E+02,1.50E+00,1.50E-01,1.00E+01,2.00E+01,4.30E+02,1.00E-02,1.00E-09,1.00E-09,1.00E+06
RSF1.A56B2,MS_1AP,10,0.029,1.18E-09,0.15,0.00525,0.05,0,0.2,430.008,0.7,0.0008,1,0.00044,1.00E-06,0,0,0,0.00E+00,1.00E+02,5.50E+02,1.50E+00,1.50E-01,1.00E+01,2.00E+01,4.30E+02,1.00E-02,1.00E-09,1.00E-09,1.00E+06
RSF1.A67B1,MS_1AP,10,0.029,1.18E-09,0.15,0.00635,0.05,0,0.2,430.008,0.682,0.0008,1,0.00044,1.00E-06,0,0,0,0.00E+00,1.00E+02,5.50E+02,1.50E+00,1.50E-01,1.00E+01,2.00E+01,4.30E+02,1.00E-02,1.00E-09,1.00E-09,1.00E+06
RSF1.A67B2,MS_1AP,10,0.029,1.18E-09,0.15,0.00622,0.05,0,0.2,430.008,0.708,0.0008,1,0.00044,1.00E-06,0,0,0,0.00E+00,1.00E+02,5.50E+02,1.50E+00,1.50E-01,1.00E+01,2.00E+01,4.30E+02,1.00E-02,1.00E-09,1.00E-09,1.00E+06
RSF1.A78B1,MS_1AP,10,0.029,1.18E-09,0.15,0.00673,0.05,0,0.2,430.008,0.705,0.0008,1,0.00044,1.00E-06,0,0,0,0.00E+00,1.00E+02,5.50E+02,1.50E+00,1.50E-01,1.00E+01,2.00E+01,4.30E+02,1.00E-02,1.00E-09,1.00E-09,1.00E+06
RSF1.A78B2,MS_1AP,10,0.029,1.18E-09,0.15,0.00664,0.05,0,0.2,430.008,0.697,0.0008,1,0.00044,1.00E-06,0,0,0,0.00E+00,1.00E+02,5.50E+02,1.50E+00,1.50E-01,1.00E+01,2.00E+01,4.30E+02,1.00E-02,1.00E-09,1.00E-09,1.00E+06
RSF1.A81B1,MS_1AP,10,0.029,1.18E-09,0.15,0.00731,0.05,0,0.2,430.008,0.68,0.0008,1,0.00044,1.00E-06,0,0,0,0.00E+00,1.00E+02,5.50E+02,1.50E+00,1.50E-01,1.00E+01,2.00E+01,4.30E+02,1.00E-02,1.00E-09,1.00E-09,1.00E+06
RSF1.A81B2,MS_1AP,10,0.029,1.18E-09,0.15,0.00708,0.05,0,0.2,430.008,0.707,0.0008,1,0.00044,1.00E-06,0,0,0,0.00E+00,1.00E+02,5.50E+02,1.50E+00,1.50E-01,1.00E+01,2.00E+01,4.30E+02,1.00E-02,1.00E-09,1.00E-09,1.00E+06
RSF2.A12B1,MS_1AP,10,0.029,1.18E-09,0.15,0.00632,0.05,0,0.2,430.008,0.683,0.0008,1,0.00044,1.00E-06,0,0,0,0.00E+00,1.00E+02,5.50E+02,1.50E+00,1.50E-01,1.00E+01,2.00E+01,4.30E+02,1.00E-02,1.00E-09,1.00E-09,1.00E+06
RSF2.A12B2,MS_1AP,10,0.029,1.18E-09,0.15,0.00613,0.05,0,0.2,430.008,0.665,0.0008,1,0.00044,1.00E-06,0,0,0,0.00E+00,1.00E+02,5.50E+02,1.50E+00,1.50E-01,1.00E+01,2.00E+01,4.30E+02,1.00E-02,1.00E-09,1.00E-09,1.00E+06
RSF2.A23B1,MS_1AP,10,0.029,1.18E-09,0.15,0.00649,0.05,0,0.2,430.008,0.712,0.0008,1,0.00044,1.00E-06,0,0,0,0.00E+00,1.00E+02,5.50E+02,1.50E+00,1.50E-01,1.00E+01,2.00E+01,4.30E+02,1.00E-02,1.00E-09,1.00E-09,1.00E+06
RSF2.A23B2,MS_1AP,10,0.029,1.18E-09,0.15,0.00674,0.05,0,0.2,430.008,0.708,0.0008,1,0.00044,1.00E-06,0,0,0,0.00E+00,1.00E+02,5.50E+02,1.50E+00,1.50E-01,1.00E+01,2.00E+01,4.30E+02,1.00E-02,1.00E-09,1.00E-09,1.00E+06
RSF2.A34B1,MS_1AP,10,0.029,1.18E-09,0.15,0.00676,0.05,0,0.2,430.008,0.7,0.0008,1,0.00044,1.00E-06,0,0,0,0.00E+00,1.00E+02,5.50E+02,1.50E+00,1.50E-01,1.00E+01,2.00E+01,4.30E+02,1.00E-02,1.00E-09,1.00E-09,1.00E+06
RSF2.A34B2,MS_1AP,10,0.029,1.18E-09,0.15,0.0071,0.05,0,0.2,430.008,0.683,0.0008,1,0.00044,1.00E-06,0,0,0,0.00E+00,1.00E+02,5.50E+02,1.50E+00,1.50E-01,1.00E+01,2.00E+01,4.30E+02,1.00E-02,1.00E-09,1.00E-09,1.00E+06
RSF2.A45B1,MS_1AP,10,0.029,1.18E-09,0.15,0.00691,0.05,0,0.2,430.008,0.703,0.0008,1,0.00044,1.00E-06,0,0,0,0.00E+00,1.00E+02,5.50E+02,1.50E+00,1.50E-01,1.00E+01,2.00E+01,4.30E+02,1.00E-02,1.00E-09,1.00E-09,1.00E+06
RSF2.A45B2,MS_1AP,10,0.029,1.18E-09,0.15,0.00697,0.05,0,0.2,430.008,0.706,0.0008,1,0.00044,1.00E-06,0,0,0,0.00E+00,1.00E+02,5.50E+02,1.50E+00,1.50E-01,1.00E+01,2.00E+01,4.30E+02,1.00E-02,1.00E-09,1.00E-09,1.00E+06
RSF2.A56B1,MS_1AP,10,0.029,1.18E-09,0.15,0.00375,0.05,0,0.2,430.008,0.706,0.0008,1,0.00044,1.00E-06,0,0,0,0.00E+00,1.00E+02,5.50E+02,1.50E+00,1.50E-01,1.00E+01,2.00E+01,4.30E+02,1.00E-02,1.00E-09,1.00E-09,1.00E+06
RSF2.A56B2,MS_1AP,10,0.029,1.18E-09,0.15,0.0052,0.05,0,0.2,430.008,0.702,0.0008,1,0.00044,1.00E-06,0,0,0,0.00E+00,1.00E+02,5.50E+02,1.50E+00,1.50E-01,1.00E+01,2.00E+01,4.30E+02,1.00E-02,1.00E-09,1.00E-09,1.00E+06
RSF2.A67B1,MS_1AP,10,0.029,1.18E-09,0.15,0.00232,0.05,0,0.2,430.008,0.7,0.0008,1,0.00044,1.00E-06,0,0,0,0.00E+00,1.00E+02,5.50E+02,1.50E+00,1.50E-01,1.00E+01,2.00E+01,4.30E+02,1.00E-02,1.00E-09,1.00E-09,1.00E+06
RSF2.A67B2,MS_1AP,10,0.029,1.18E-09,0.15,0.00623,0.05,0,0.2,430.008,0.705,0.0008,1,0.00044,1.00E-06,0,0,0,0.00E+00,1.00E+02,5.50E+02,1.50E+00,1.50E-01,1.00E+01,2.00E+01,4.30E+02,1.00E-02,1.00E-09,1.00E-09,1.00E+06
RSF2.A78B1,MS_1AP,10,0.029,1.18E-09,0.15,0.00676,0.05,0,0.2,430.008,0.707,0.0008,1,0.00044,1.00E-06,0,0,0,0.00E+00,1.00E+02,5.50E+02,1.50E+00,1.50E-01,1.00E+01,2.00E+01,4.30E+02,1.00E-02,1.00E-09,1.00E-09,1.00E+06
RSF2.A78B2,MS_1AP,10,0.029,1.18E-09,0.15,0.00661,0.05,0,0.2,430.008,0.728,0.0008,1,0.00044,1.00E-06,0,0,0,0.00E+00,1.00E+02,5.50E+02,1.50E+00,1.50E-01,1.00E+01,2.00E+01,4.30E+02,1.00E-02,1.00E-09,1.00E-09,1.00E+06
RSF2.A81B1,MS_1AP,10,0.029,1.18E-09,0.15,0.00758,0.05,0,0.2,430.008,0.705,0.0008,1,0.00044,1.00E-06,0,0,0,0.00E+00,1.00E+02,5.50E+02,1.50E+00,1.50E-01,1.00E+01,2.00E+01,4.30E+02,1.00E-02,1.00E-09,1.00E-09,1.00E+06
RSF2.A81B2,MS_1AP,10,0.029,1.18E-09,0.15,0.00732,0.05,0,0.2,430.008,0.688,0.0008,1,0.00044,1.00E-06,0,0,0,0.00E+00,1.00E+02,5.50E+02,1.50E+00,1.50E-01,1.00E+01,2.00E+01,4.30E+02,1.00E-02,1.00E-09,1.00E-09,1.00E+06
RSS.A12B1,MSS_1AP,4,0.029,1.18E-09,0.15,0.00362,0.05,0,0.2,460.017,0.707,0.0008,1,0.00044,1.00E-06,0,0,0,0.00E+00,1.00E+02,5.50E+02,1.40E+00,1.00E-01,1.00E+01,2.00E+01,4.60E+02,1.00E-02,1.00E-09,1.00E-09,1.00E+06
RSS.A12B2,MSS_1AP,4,0.029,1.18E-09,0.15,0.00381,0.05,0,0.2,460.017,0.694,0.0008,1,0.00044,1.00E-06,0,0,0,0.00E+00,1.00E+02,5.50E+02,1.40E+00,1.00E-01,1.00E+01,2.00E+01,4.60E+02,1.00E-02,1.00E-09,1.00E-09,1.00E+06
RSS.A23B1,MSS_1AP,4,0.029,1.18E-09,0.15,0.00564,0.05,0,0.2,460.017,0.693,0.0008,1,0.00044,1.00E-06,0,0,0,0.00E+00,1.00E+02,5.50E+02,1.40E+00,1.00E-01,1.00E+01,2.00E+01,4.60E+02,1.00E-02,1.00E-09,1.00E-09,1.00E+06
RSS.A23B2,MSS_1AP,4,0.029,1.18E-09,0.15,0.00544,0.05,0,0.2,460.017,0.716,0.0008,1,0.00044,1.00E-06,0,0,0,0.00E+00,1.00E+02,5.50E+02,1.40E+00,1.00E-01,1.00E+01,2.00E+01,4.60E+02,1.00E-02,1.00E-09,1.00E-09,1.00E+06
RSS.A34B1,MSS_1AP,4,0.029,1.18E-09,0.15,0.00359,0.05,0,0.2,460.017,0.708,0.0008,1,0.00044,1.00E-06,0,0,0,0.00E+00,1.00E+02,5.50E+02,1.40E+00,1.00E-01,1.00E+01,2.00E+01,4.60E+02,1.00E-02,1.00E-09,1.00E-09,1.00E+06
RSS.A34B2,MSS_1AP,4,0.029,1.18E-09,0.15,0.00363,0.05,0,0.2,460.017,0.709,0.0008,1,0.00044,1.00E-06,0,0,0,0.00E+00,1.00E+02,5.50E+02,1.40E+00,1.00E-01,1.00E+01,2.00E+01,4.60E+02,1.00E-02,1.00E-09,1.00E-09,1.00E+06
RSS.A45B1,MSS_1AP,4,0.029,1.18E-09,0.15,0.0033,0.05,0,0.2,460.017,0.704,0.0008,1,0.00044,1.00E-06,0,0,0,0.00E+00,1.00E+02,5.50E+02,1.40E+00,1.00E-01,1.00E+01,2.00E+01,4.60E+02,1.00E-02,1.00E-09,1.00E-09,1.00E+06
RSS.A45B2,MSS_1AP,4,0.029,1.18E-09,0.15,0.00307,0.05,0,0.2,460.017,0.704,0.0008,1,0.00044,1.00E-06,0,0,0,0.00E+00,1.00E+02,5.50E+02,1.40E+00,1.00E-01,1.00E+01,2.00E+01,4.60E+02,1.00E-02,1.00E-09,1.00E-09,1.00E+06
RSS.A56B1,MSS_1AP,4,0.029,1.18E-09,0.15,0.00333,0.05,0,0.2,460.017,0.676,0.0008,1,0.00044,1.00E-06,0,0,0,0.00E+00,1.00E+02,5.50E+02,1.40E+00,1.00E-01,1.00E+01,2.00E+01,4.60E+02,1.00E-02,1.00E-09,1.00E-09,1.00E+06
RSS.A56B2,MSS_1AP,4,0.029,1.18E-09,0.15,0.00331,0.05,0,0.2,460.017,0.711,0.0008,1,0.00044,1.00E-06,0,0,0,0.00E+00,1.00E+02,5.50E+02,1.40E+00,1.00E-01,1.00E+01,2.00E+01,4.60E+02,1.00E-02,1.00E-09,1.00E-09,1.00E+06
RSS.A67B1,MSS_1AP,4,0.029,1.18E-09,0.15,0.0026,0.05,0,0.2,460.017,0.71,0.0008,1,0.00044,1.00E-06,0,0,0,0.00E+00,1.00E+02,5.50E+02,1.40E+00,1.00E-01,1.00E+01,2.00E+01,4.60E+02,1.00E-02,1.00E-09,1.00E-09,1.00E+06
RSS.A67B2,MSS_1AP,4,0.029,1.18E-09,0.15,0.00275,0.05,0,0.2,460.017,0.702,0.0008,1,0.00044,1.00E-06,0,0,0,0.00E+00,1.00E+02,5.50E+02,1.40E+00,1.00E-01,1.00E+01,2.00E+01,4.60E+02,1.00E-02,1.00E-09,1.00E-09,1.00E+06
RSS.A78B1,MSS_1AP,4,0.029,1.18E-09,0.15,0.00267,0.05,0,0.2,460.017,0.68,0.0008,1,0.00044,1.00E-06,0,0,0,0.00E+00,1.00E+02,5.50E+02,1.40E+00,1.00E-01,1.00E+01,2.00E+01,4.60E+02,1.00E-02,1.00E-09,1.00E-09,1.00E+06
RSS.A78B2,MSS_1AP,4,0.029,1.18E-09,0.15,0.00243,0.05,0,0.2,460.017,0.668,0.0008,1,0.00044,1.00E-06,0,0,0,0.00E+00,1.00E+02,5.50E+02,1.40E+00,1.00E-01,1.00E+01,2.00E+01,4.60E+02,1.00E-02,1.00E-09,1.00E-09,1.00E+06
RSS.A81B1,MSS_1AP,4,0.029,1.18E-09,0.15,0.00342,0.05,0,0.2,460.017,0.7,0.0008,1,0.00044,1.00E-06,0,0,0,0.00E+00,1.00E+02,5.50E+02,1.40E+00,1.00E-01,1.00E+01,2.00E+01,4.60E+02,1.00E-02,1.00E-09,1.00E-09,1.00E+06
RSS.A81B2,MSS_1AP,4,0.029,1.18E-09,0.15,0.00345,0.05,0,0.2,460.017,0.689,0.0008,1,0.00044,1.00E-06,0,0,0,0.00E+00,1.00E+02,5.50E+02,1.40E+00,1.00E-01,1.00E+01,2.00E+01,4.60E+02,1.00E-02,1.00E-09,1.00E-09,1.00E+06
RU.L4,MU,1,0,0,0.05,0.00352,0,0,0,0,0.701,0,0,0,0,0,0,0,0.00E+00,1.00E+02,5.50E+02,3.00E-01,1.00E-02,1.00E+01,2.00E+01,2.00E-01,1.00E-02,1.00E-09,1.00E-09,1.00E+06
RU.R4,MU,1,0,0,0.05,0.0047,0,0,0,0,0.702,0,0,0,0,0,0,0,0.00E+00,1.00E+02,5.50E+02,3.00E-01,1.00E-02,1.00E+01,2.00E+01,2.00E-01,1.00E-02,1.00E-09,1.00E-09,1.00E+06
ROD.A12B1,MO_1AP,13,0.001577119,3.00E-08,1000000000,0.003788485,0.05,0,0.2,250.02,0.7,0.0008,1,0.00044,1.00E-06,4115.2714,8.00E-07,3.29E-03,0.00E+00,2.50E+02,5.50E+02,5.00E+00,1.00E-01,1.00E+01,2.00E+01,2.50E+02,1.00E-02,1.00E-09,1.00E-09,1.00E+06
ROD.A12B2,MO_1AP,8,0.001577298,3.00E-08,1000000000,0.003719335,0.05,0,0.2,250.02,0.7,0.0008,1,0.00044,1.00E-06,3797.6114,8.00E-07,3.04E-03,0.00E+00,2.50E+02,5.50E+02,5.00E+00,1.00E-01,1.00E+01,2.00E+01,2.50E+02,1.00E-02,1.00E-09,1.00E-09,1.00E+06
ROD.A23B1,MO_1AP,8,0.001577298,3.00E-08,1000000000,0.007919939,0.05,0,0.2,250.02,0.7,0.0008,1,0.00044,1.00E-06,3790.3354,8.00E-07,3.03E-03,0.00E+00,2.50E+02,5.50E+02,5.00E+00,1.00E-01,1.00E+01,2.00E+01,2.50E+02,1.00E-02,1.00E-09,1.00E-09,1.00E+06
ROD.A23B2,MO_1AP,13,0.001577298,3.00E-08,1000000000,0.007315409,0.05,0,0.2,250.02,0.7,0.0008,1,0.00044,1.00E-06,4107.2354,8.00E-07,3.29E-03,0.00E+00,2.50E+02,5.50E+02,5.00E+00,1.00E-01,1.00E+01,2.00E+01,2.50E+02,1.00E-02,1.00E-09,1.00E-09,1.00E+06
ROD.A34B1,MO_1AP,11,0.001577298,3.00E-08,1000000000,0.005091107,0.05,0,0.2,250.02,0.7,0.0008,1,0.00044,1.00E-06,17858.011,8.00E-07,1.43E-02,0.00E+00,2.50E+02,5.50E+02,5.00E+00,1.00E-01,1.00E+01,2.00E+01,2.50E+02,1.00E-02,1.00E-09,1.00E-09,1.00E+06
ROD.A34B2,MO_1AP,8,0.001577298,3.00E-08,1000000000,0.005295524,0.05,0,0.2,250.02,0.7,0.0008,1,0.00044,1.00E-06,15613.645,8.00E-07,1.25E-02,0.00E+00,2.50E+02,5.50E+02,5.00E+00,1.00E-01,1.00E+01,2.00E+01,2.50E+02,1.00E-02,1.00E-09,1.00E-09,1.00E+06
ROD.A45B1,MO_1AP,8,0.001577298,3.00E-08,1000000000,0.003201749,0.05,0,0.2,250.02,0.7,0.0008,1,0.00044,1.00E-06,3804.6554,8.00E-07,3.04E-03,0.00E+00,2.50E+02,5.50E+02,5.00E+00,1.00E-01,1.00E+01,2.00E+01,2.50E+02,1.00E-02,1.00E-09,1.00E-09,1.00E+06
ROD.A45B2,MO_1AP,13,0.001577298,3.00E-08,1000000000,0.003163841,0.05,0,0.2,250.02,0.7,0.0008,1,0.00044,1.00E-06,4122.3154,8.00E-07,3.30E-03,0.00E+00,2.50E+02,5.50E+02,5.00E+00,1.00E-01,1.00E+01,2.00E+01,2.50E+02,1.00E-02,1.00E-09,1.00E-09,1.00E+06
ROD.A56B1,MO_1AP,13,0.001577298,3.00E-08,1000000000,0.003085357,0.05,0,0.2,250.02,0.7,0.0008,1,0.00044,1.00E-06,4115.2714,8.00E-07,3.29E-03,0.00E+00,2.50E+02,5.50E+02,5.00E+00,1.00E-01,1.00E+01,2.00E+01,2.50E+02,1.00E-02,1.00E-09,1.00E-09,1.00E+06
ROD.A56B2,MO_1AP,8,0.001577298,3.00E-08,1000000000,0.003354538,0.05,0,0.2,250.02,0.7,0.0008,1,0.00044,1.00E-06,3797.6114,8.00E-07,3.04E-03,0.00E+00,2.50E+02,5.50E+02,5.00E+00,1.00E-01,1.00E+01,2.00E+01,2.50E+02,1.00E-02,1.00E-09,1.00E-09,1.00E+06
ROD.A67B1,MO_1AP,8,0.001577298,3.00E-08,1000000000,0.002755875,0.05,0,0.2,250.02,0.7,0.0008,1,0.00044,1.00E-06,3786.5354,8.00E-07,3.03E-03,0.00E+00,2.50E+02,5.50E+02,5.00E+00,1.00E-01,1.00E+01,2.00E+01,2.50E+02,1.00E-02,1.00E-09,1.00E-09,1.00E+06
ROD.A67B2,MO_1AP,13,0.001577298,3.00E-08,1000000000,0.002706031,0.05,0,0.2,250.02,0.7,0.0008,1,0.00044,1.00E-06,4111.0354,8.00E-07,3.29E-03,0.00E+00,2.50E+02,5.50E+02,5.00E+00,1.00E-01,1.00E+01,2.00E+01,2.50E+02,1.00E-02,1.00E-09,1.00E-09,1.00E+06
ROD.A78B1,MO_1AP,13,0.001577298,3.00E-08,1000000000,0.002471691,0.05,0,0.2,250.02,0.7,0.0008,1,0.00044,1.00E-06,4100.1914,8.00E-07,3.28E-03,0.00E+00,2.50E+02,5.50E+02,5.00E+00,1.00E-01,1.00E+01,2.00E+01,2.50E+02,1.00E-02,1.00E-09,1.00E-09,1.00E+06
ROD.A78B2,MO_1AP,8,0.001577298,3.00E-08,1000000000,0.00220504,0.05,0,0.2,250.02,0.7,0.0008,1,0.00044,1.00E-06,3783.2914,8.00E-07,3.03E-03,0.00E+00,2.50E+02,5.50E+02,5.00E+00,1.00E-01,1.00E+01,2.00E+01,2.50E+02,1.00E-02,1.00E-09,1.00E-09,1.00E+06
ROD.A81B1,MO_1AP,8,0.001577298,3.00E-08,1000000000,0.003139001,0.05,0,0.2,250.02,0.7,0.0008,1,0.00044,1.00E-06,3804.6554,8.00E-07,3.04E-03,0.00E+00,2.50E+02,5.50E+02,5.00E+00,1.00E-01,1.00E+01,2.00E+01,2.50E+02,1.00E-02,1.00E-09,1.00E-09,1.00E+06
ROD.A81B2,MO_1AP,13,0.001577298,3.00E-08,1000000000,0.003134514,0.05,0,0.2,250.02,0.7,0.0008,1,0.00044,1.00E-06,4122.3154,8.00E-07,3.30E-03,0.00E+00,2.50E+02,5.50E+02,5.00E+00,1.00E-01,1.00E+01,2.00E+01,2.50E+02,1.00E-02,1.00E-09,1.00E-09,1.00E+06
ROF.A12B1,MO_1AP,8,0.001577298,3.00E-08,1000000000,0.00382253,0.05,0,0.2,250.02,0.7,0.0008,1,0.00044,1.00E-06,3795.3314,8.00E-07,3.04E-03,0.00E+00,2.50E+02,5.50E+02,5.00E+00,1.00E-01,1.00E+01,2.00E+01,2.50E+02,1.00E-02,1.00E-09,1.00E-09,1.00E+06
ROF.A12B2,MO_1AP,13,0.001577298,3.00E-08,1000000000,0.003917144,0.05,0,0.2,250.02,0.7,0.0008,1,0.00044,1.00E-06,4118.3114,8.00E-07,3.29E-03,0.00E+00,2.50E+02,5.50E+02,5.00E+00,1.00E-01,1.00E+01,2.00E+01,2.50E+02,1.00E-02,1.00E-09,1.00E-09,1.00E+06
ROF.A23B1,MO_1AP,13,0.001577298,3.00E-08,1000000000,0.007567416,0.05,0,0.2,250.02,0.7,0.0008,1,0.00044,1.00E-06,4111.0354,8.00E-07,3.29E-03,0.00E+00,2.50E+02,5.50E+02,5.00E+00,1.00E-01,1.00E+01,2.00E+01,2.50E+02,1.00E-02,1.00E-09,1.00E-09,1.00E+06
ROF.A23B2,MO_1AP,8,0.001577298,3.00E-08,1000000000,0.007102312,0.05,0,0.2,250.02,0.7,0.0008,1,0.00044,1.00E-06,3786.5354,8.00E-07,3.03E-03,0.00E+00,2.50E+02,5.50E+02,5.00E+00,1.00E-01,1.00E+01,2.00E+01,2.50E+02,1.00E-02,1.00E-09,1.00E-09,1.00E+06
ROF.A34B1,MO_1AP,8,0.001577298,3.00E-08,1000000000,0.005233864,0.05,0,0.2,250.02,0.7,0.0008,1,0.00044,1.00E-06,17537.311,8.00E-07,1.40E-02,0.00E+00,2.50E+02,5.50E+02,5.00E+00,1.00E-01,1.00E+01,2.00E+01,2.50E+02,1.00E-02,1.00E-09,1.00E-09,1.00E+06
ROF.A34B2,MO_1AP,13,0.001577298,3.00E-08,1000000000,0.00500055,0.05,0,0.2,250.02,0.7,0.0008,1,0.00044,1.00E-06,17858.545,8.00E-07,1.43E-02,0.00E+00,2.50E+02,5.50E+02,5.00E+00,1.00E-01,1.00E+01,2.00E+01,2.50E+02,1.00E-02,1.00E-09,1.00E-09,1.00E+06
ROF.A45B1,MO_1AP,13,0.001577298,3.00E-08,1000000000,0.003262957,0.05,0,0.2,250.02,0.7,0.0008,1,0.00044,1.00E-06,4125.3554,8.00E-07,3.30E-03,0.00E+00,2.50E+02,5.50E+02,5.00E+00,1.00E-01,1.00E+01,2.00E+01,2.50E+02,1.00E-02,1.00E-09,1.00E-09,1.00E+06
ROF.A45B2,MO_1AP,8,0.001577298,3.00E-08,1000000000,0.003132522,0.05,0,0.2,250.02,0.7,0.0008,1,0.00044,1.00E-06,3802.3754,8.00E-07,3.04E-03,0.00E+00,2.50E+02,5.50E+02,5.00E+00,1.00E-01,1.00E+01,2.00E+01,2.50E+02,1.00E-02,1.00E-09,1.00E-09,1.00E+06
ROF.A56B1,MO_1AP,8,0.001577298,3.00E-08,1000000000,0.003161127,0.05,0,0.2,250.02,0.7,0.0008,1,0.00044,1.00E-06,3795.3314,8.00E-07,3.04E-03,0.00E+00,2.50E+02,5.50E+02,5.00E+00,1.00E-01,1.00E+01,2.00E+01,2.50E+02,1.00E-02,1.00E-09,1.00E-09,1.00E+06
ROF.A56B2,MO_1AP,13,0.001577298,3.00E-08,1000000000,0.003399909,0.05,0,0.2,250.02,0.7,0.0008,1,0.00044,1.00E-06,4118.3114,8.00E-07,3.29E-03,0.00E+00,2.50E+02,5.50E+02,5.00E+00,1.00E-01,1.00E+01,2.00E+01,2.50E+02,1.00E-02,1.00E-09,1.00E-09,1.00E+06
ROF.A67B1,MO_1AP,13,0.001577298,3.00E-08,1000000000,0.002961921,0.05,0,0.2,250.02,0.7,0.0008,1,0.00044,1.00E-06,4107.2354,8.00E-07,3.29E-03,0.00E+00,2.50E+02,5.50E+02,5.00E+00,1.00E-01,1.00E+01,2.00E+01,2.50E+02,1.00E-02,1.00E-09,1.00E-09,1.00E+06
ROF.A67B2,MO_1AP,8,0.001577298,3.00E-08,1000000000,0.002827751,0.05,0,0.2,250.02,0.7,0.0008,1,0.00044,1.00E-06,3790.3354,8.00E-07,3.03E-03,0.00E+00,2.50E+02,5.50E+02,5.00E+00,1.00E-01,1.00E+01,2.00E+01,2.50E+02,1.00E-02,1.00E-09,1.00E-09,1.00E+06
ROF.A78B1,MO_1AP,8,0.001577298,3.00E-08,1000000000,0.002639977,0.05,0,0.2,250.02,0.7,0.0008,1,0.00044,1.00E-06,3779.4914,8.00E-07,3.02E-03,0.00E+00,2.50E+02,5.50E+02,5.00E+00,1.00E-01,1.00E+01,2.00E+01,2.50E+02,1.00E-02,1.00E-09,1.00E-09,1.00E+06
ROF.A78B2,MO_1AP,13,0.001577298,3.00E-08,1000000000,0.002381081,0.05,0,0.2,250.02,0.7,0.0008,1,0.00044,1.00E-06,4103.9914,8.00E-07,3.28E-03,0.00E+00,2.50E+02,5.50E+02,5.00E+00,1.00E-01,1.00E+01,2.00E+01,2.50E+02,1.00E-02,1.00E-09,1.00E-09,1.00E+06
ROF.A81B1,MO_1AP,13,0.001577298,3.00E-08,1000000000,0.003241276,0.05,0,0.2,250.02,0.7,0.0008,1,0.00044,1.00E-06,4125.3554,8.00E-07,3.30E-03,0.00E+00,2.50E+02,5.50E+02,5.00E+00,1.00E-01,1.00E+01,2.00E+01,2.50E+02,1.00E-02,1.00E-09,1.00E-09,1.00E+06
ROF.A81B2,MO_1AP,8,0.001577298,3.00E-08,1000000000,0.003138964,0.05,0,0.2,250.02,0.7,0.0008,1,0.00044,1.00E-06,3802.3754,8.00E-07,3.04E-03,0.00E+00,2.50E+02,5.50E+02,5.00E+00,1.00E-01,1.00E+01,2.00E+01,2.50E+02,1.00E-02,1.00E-09,1.00E-09,1.00E+06
RCBXV1.L1,MCBXV,1,0.1669,4.22E-09,1000000000,0.00784,0.05,0,0.2,0,0,0,0,0,0,0,0,0,0.00E+00,1.00E+02,5.50E+02,2.50E+00,2.00E-01,1.00E+01,2.00E+01,2.85E+02,1.00E-02,1.00E-09,1.00E-09,1.00E+06
RCBXV1.R1,MCBXV,1,0.1669,4.22E-09,1000000000,0.00784,0.05,0,0.2,0,0,0,0,0,0,0,0,0,0.00E+00,1.00E+02,5.50E+02,2.50E+00,2.00E-01,1.00E+01,2.00E+01,2.85E+02,1.00E-02,1.00E-09,1.00E-09,1.00E+06
RCBXV1.L2,MCBXV,1,0.1669,4.22E-09,1000000000,0.00784,0.05,0,0.2,0,0,0,0,0,0,0,0,0,0.00E+00,1.00E+02,5.50E+02,2.50E+00,2.00E-01,1.00E+01,2.00E+01,2.85E+02,1.00E-02,1.00E-09,1.00E-09,1.00E+06
RCBXV1.R2,MCBXV,1,0.1669,4.22E-09,1000000000,0.00784,0.05,0,0.2,0,0,0,0,0,0,0,0,0,0.00E+00,1.00E+02,5.50E+02,2.50E+00,2.00E-01,1.00E+01,2.00E+01,2.85E+02,1.00E-02,1.00E-09,1.00E-09,1.00E+06
RCBXV1.L5,MCBXV,1,0.1669,4.22E-09,1000000000,0.00784,0.05,0,0.2,0,0,0,0,0,0,0,0,0,0.00E+00,1.00E+02,5.50E+02,2.50E+00,2.00E-01,1.00E+01,2.00E+01,2.85E+02,1.00E-02,1.00E-09,1.00E-09,1.00E+06
RCBXV1.R5,MCBXV,1,0.1669,4.22E-09,1000000000,0.00784,0.05,0,0.2,0,0,0,0,0,0,0,0,0,0.00E+00,1.00E+02,5.50E+02,2.50E+00,2.00E-01,1.00E+01,2.00E+01,2.85E+02,1.00E-02,1.00E-09,1.00E-09,1.00E+06
RCBXV2.L1,MCBXV,1,0.1669,4.22E-09,1000000000,0.00784,0.05,0,0.2,0,0,0,0,0,0,0,0,0,0.00E+00,1.00E+02,5.50E+02,2.50E+00,2.00E-01,1.00E+01,2.00E+01,2.85E+02,1.00E-02,1.00E-09,1.00E-09,1.00E+06
RCBXV2.R1,MCBXV,1,0.1669,4.22E-09,1000000000,0.00784,0.05,0,0.2,0,0,0,0,0,0,0,0,0,0.00E+00,1.00E+02,5.50E+02,2.50E+00,2.00E-01,1.00E+01,2.00E+01,2.85E+02,1.00E-02,1.00E-09,1.00E-09,1.00E+06
RCBXV2.L2,MCBXV,1,0.1669,4.22E-09,1000000000,0.00784,0.05,0,0.2,0,0,0,0,0,0,0,0,0,0.00E+00,1.00E+02,5.50E+02,2.50E+00,2.00E-01,1.00E+01,2.00E+01,2.85E+02,1.00E-02,1.00E-09,1.00E-09,1.00E+06
RCBXV2.R2,MCBXV,1,0.1669,4.22E-09,1000000000,0.00784,0.05,0,0.2,0,0,0,0,0,0,0,0,0,0.00E+00,1.00E+02,5.50E+02,2.50E+00,2.00E-01,1.00E+01,2.00E+01,2.85E+02,1.00E-02,1.00E-09,1.00E-09,1.00E+06
RCBXV2.L5,MCBXV,1,0.1669,4.22E-09,1000000000,0.00784,0.05,0,0.2,0,0,0,0,0,0,0,0,0,0.00E+00,1.00E+02,5.50E+02,2.50E+00,2.00E-01,1.00E+01,2.00E+01,2.85E+02,1.00E-02,1.00E-09,1.00E-09,1.00E+06
RCBXV2.R5,MCBXV,1,0.1669,4.22E-09,1000000000,0.00784,0.05,0,0.2,0,0,0,0,0,0,0,0,0,0.00E+00,1.00E+02,5.50E+02,2.50E+00,2.00E-01,1.00E+01,2.00E+01,2.85E+02,1.00E-02,1.00E-09,1.00E-09,1.00E+06
RCBXV2.L8,MCBXV,1,0.1669,4.22E-09,1000000000,0.00784,0.05,0,0.2,0,0,0,0,0,0,0,0,0,0.00E+00,1.00E+02,5.50E+02,2.50E+00,2.00E-01,1.00E+01,2.00E+01,2.85E+02,1.00E-02,1.00E-09,1.00E-09,1.00E+06
RCBXV2.R8,MCBXV,1,0.1669,4.22E-09,1000000000,0.00784,0.05,0,0.2,0,0,0,0,0,0,0,0,0,0.00E+00,1.00E+02,5.50E+02,2.50E+00,2.00E-01,1.00E+01,2.00E+01,2.85E+02,1.00E-02,1.00E-09,1.00E-09,1.00E+06
RCBXV3.L1,MCBXV,1,0.1669,4.22E-09,1000000000,0.00784,0.05,0,0.2,0,0,0,0,0,0,0,0,0,0.00E+00,1.00E+02,5.50E+02,2.50E+00,2.00E-01,1.00E+01,2.00E+01,2.85E+02,1.00E-02,1.00E-09,1.00E-09,1.00E+06
RCBXV3.R1,MCBXV,1,0.1669,4.22E-09,1000000000,0.00784,0.05,0,0.2,0,0,0,0,0,0,0,0,0,0.00E+00,1.00E+02,5.50E+02,2.50E+00,2.00E-01,1.00E+01,2.00E+01,2.85E+02,1.00E-02,1.00E-09,1.00E-09,1.00E+06
RCBXV3.L2,MCBXV,1,0.1669,4.22E-09,1000000000,0.00784,0.05,0,0.2,0,0,0,0,0,0,0,0,0,0.00E+00,1.00E+02,5.50E+02,2.50E+00,2.00E-01,1.00E+01,2.00E+01,2.85E+02,1.00E-02,1.00E-09,1.00E-09,1.00E+06
RCBXV3.R2,MCBXV,1,0.1669,4.22E-09,1000000000,0.00784,0.05,0,0.2,0,0,0,0,0,0,0,0,0,0.00E+00,1.00E+02,5.50E+02,2.50E+00,2.00E-01,1.00E+01,2.00E+01,2.85E+02,1.00E-02,1.00E-09,1.00E-09,1.00E+06
RCBXV3.L5,MCBXV,1,0.1669,4.22E-09,1000000000,0.00784,0.05,0,0.2,0,0,0,0,0,0,0,0,0,0.00E+00,1.00E+02,5.50E+02,2.50E+00,2.00E-01,1.00E+01,2.00E+01,2.85E+02,1.00E-02,1.00E-09,1.00E-09,1.00E+06
RCBXV3.R5,MCBXV,1,0.1669,4.22E-09,1000000000,0.00784,0.05,0,0.2,0,0,0,0,0,0,0,0,0,0.00E+00,1.00E+02,5.50E+02,2.50E+00,2.00E-01,1.00E+01,2.00E+01,2.85E+02,1.00E-02,1.00E-09,1.00E-09,1.00E+06
RCBXV3.L8,MCBXV,1,0.1669,4.22E-09,1000000000,0.00784,0.05,0,0.2,0,0,0,0,0,0,0,0,0,0.00E+00,1.00E+02,5.50E+02,2.50E+00,2.00E-01,1.00E+01,2.00E+01,2.85E+02,1.00E-02,1.00E-09,1.00E-09,1.00E+06
RCBXV3.R8,MCBXV,1,0.1669,4.22E-09,1000000000,0.00784,0.05,0,0.2,0,0,0,0,0,0,0,0,0,0.00E+00,1.00E+02,5.50E+02,2.50E+00,2.00E-01,1.00E+01,2.00E+01,2.85E+02,1.00E-02,1.00E-09,1.00E-09,1.00E+06
RCBXH1.L1,MCBXH,1,0.261977,5.16E-09,1000000000,0.00365,0.05,0,0.2,0,0,0,0,0,0,0,0,0,0.00E+00,1.00E+02,5.50E+02,2.50E+00,2.00E-01,1.00E+01,2.00E+01,2.85E+02,1.00E-02,1.00E-09,1.00E-09,1.00E+06
RCBXH1.R1,MCBXH,1,0.261977,5.16E-09,1000000000,0.00365,0.05,0,0.2,0,0,0,0,0,0,0,0,0,0.00E+00,1.00E+02,5.50E+02,2.50E+00,2.00E-01,1.00E+01,2.00E+01,2.85E+02,1.00E-02,1.00E-09,1.00E-09,1.00E+06
RCBXH1.L2,MCBXH,1,0.261977,5.16E-09,1000000000,0.00365,0.05,0,0.2,0,0,0,0,0,0,0,0,0,0.00E+00,1.00E+02,5.50E+02,2.50E+00,2.00E-01,1.00E+01,2.00E+01,2.85E+02,1.00E-02,1.00E-09,1.00E-09,1.00E+06
RCBXH1.R2,MCBXH,1,0.261977,5.16E-09,1000000000,0.00365,0.05,0,0.2,0,0,0,0,0,0,0,0,0,0.00E+00,1.00E+02,5.50E+02,2.50E+00,2.00E-01,1.00E+01,2.00E+01,2.85E+02,1.00E-02,1.00E-09,1.00E-09,1.00E+06
RCBXH1.L5,MCBXH,1,0.261977,5.16E-09,1000000000,0.00365,0.05,0,0.2,0,0,0,0,0,0,0,0,0,0.00E+00,1.00E+02,5.50E+02,2.50E+00,2.00E-01,1.00E+01,2.00E+01,2.85E+02,1.00E-02,1.00E-09,1.00E-09,1.00E+06
RCBXH1.R5,MCBXH,1,0.261977,5.16E-09,1000000000,0.00365,0.05,0,0.2,0,0,0,0,0,0,0,0,0,0.00E+00,1.00E+02,5.50E+02,2.50E+00,2.00E-01,1.00E+01,2.00E+01,2.85E+02,1.00E-02,1.00E-09,1.00E-09,1.00E+06
RCBXH2.L1,MCBXH,1,0.261977,5.16E-09,1000000000,0.00365,0.05,0,0.2,0,0,0,0,0,0,0,0,0,0.00E+00,1.00E+02,5.50E+02,2.50E+00,2.00E-01,1.00E+01,2.00E+01,2.85E+02,1.00E-02,1.00E-09,1.00E-09,1.00E+06
RCBXH2.R1,MCBXH,1,0.261977,5.16E-09,1000000000,0.00365,0.05,0,0.2,0,0,0,0,0,0,0,0,0,0.00E+00,1.00E+02,5.50E+02,2.50E+00,2.00E-01,1.00E+01,2.00E+01,2.85E+02,1.00E-02,1.00E-09,1.00E-09,1.00E+06
RCBXH2.L2,MCBXH,1,0.261977,5.16E-09,1000000000,0.00365,0.05,0,0.2,0,0,0,0,0,0,0,0,0,0.00E+00,1.00E+02,5.50E+02,2.50E+00,2.00E-01,1.00E+01,2.00E+01,2.85E+02,1.00E-02,1.00E-09,1.00E-09,1.00E+06
RCBXH2.R2,MCBXH,1,0.261977,5.16E-09,1000000000,0.00365,0.05,0,0.2,0,0,0,0,0,0,0,0,0,0.00E+00,1.00E+02,5.50E+02,2.50E+00,2.00E-01,1.00E+01,2.00E+01,2.85E+02,1.00E-02,1.00E-09,1.00E-09,1.00E+06
RCBXH2.L5,MCBXH,1,0.261977,5.16E-09,1000000000,0.00365,0.05,0,0.2,0,0,0,0,0,0,0,0,0,0.00E+00,1.00E+02,5.50E+02,2.50E+00,2.00E-01,1.00E+01,2.00E+01,2.85E+02,1.00E-02,1.00E-09,1.00E-09,1.00E+06
RCBXH2.R5,MCBXH,1,0.261977,5.16E-09,1000000000,0.00365,0.05,0,0.2,0,0,0,0,0,0,0,0,0,0.00E+00,1.00E+02,5.50E+02,2.50E+00,2.00E-01,1.00E+01,2.00E+01,2.85E+02,1.00E-02,1.00E-09,1.00E-09,1.00E+06
RCBXH2.L8,MCBXH,1,0.261977,5.16E-09,1000000000,0.00365,0.05,0,0.2,0,0,0,0,0,0,0,0,0,0.00E+00,1.00E+02,5.50E+02,2.50E+00,2.00E-01,1.00E+01,2.00E+01,2.85E+02,1.00E-02,1.00E-09,1.00E-09,1.00E+06
RCBXH2.R8,MCBXH,1,0.261977,5.16E-09,1000000000,0.00365,0.05,0,0.2,0,0,0,0,0,0,0,0,0,0.00E+00,1.00E+02,5.50E+02,2.50E+00,2.00E-01,1.00E+01,2.00E+01,2.85E+02,1.00E-02,1.00E-09,1.00E-09,1.00E+06
RCBXH3.L1,MCBXH,1,0.261977,5.16E-09,1000000000,0.00365,0.05,0,0.2,0,0,0,0,0,0,0,0,0,0.00E+00,1.00E+02,5.50E+02,2.50E+00,2.00E-01,1.00E+01,2.00E+01,2.85E+02,1.00E-02,1.00E-09,1.00E-09,1.00E+06
RCBXH3.R1,MCBXH,1,0.261977,5.16E-09,1000000000,0.00365,0.05,0,0.2,0,0,0,0,0,0,0,0,0,0.00E+00,1.00E+02,5.50E+02,2.50E+00,2.00E-01,1.00E+01,2.00E+01,2.85E+02,1.00E-02,1.00E-09,1.00E-09,1.00E+06
RCBXH3.L2,MCBXH,1,0.261977,5.16E-09,1000000000,0.00365,0.05,0,0.2,0,0,0,0,0,0,0,0,0,0.00E+00,1.00E+02,5.50E+02,2.50E+00,2.00E-01,1.00E+01,2.00E+01,2.85E+02,1.00E-02,1.00E-09,1.00E-09,1.00E+06
RCBXH3.R2,MCBXH,1,0.261977,5.16E-09,1000000000,0.00365,0.05,0,0.2,0,0,0,0,0,0,0,0,0,0.00E+00,1.00E+02,5.50E+02,2.50E+00,2.00E-01,1.00E+01,2.00E+01,2.85E+02,1.00E-02,1.00E-09,1.00E-09,1.00E+06
RCBXH3.L5,MCBXH,1,0.261977,5.16E-09,1000000000,0.00365,0.05,0,0.2,0,0,0,0,0,0,0,0,0,0.00E+00,1.00E+02,5.50E+02,2.50E+00,2.00E-01,1.00E+01,2.00E+01,2.85E+02,1.00E-02,1.00E-09,1.00E-09,1.00E+06
RCBXH3.R5,MCBXH,1,0.261977,5.16E-09,1000000000,0.00365,0.05,0,0.2,0,0,0,0,0,0,0,0,0,0.00E+00,1.00E+02,5.50E+02,2.50E+00,2.00E-01,1.00E+01,2.00E+01,2.85E+02,1.00E-02,1.00E-09,1.00E-09,1.00E+06
RCBXH3.L8,MCBXH,1,0.261977,5.16E-09,1000000000,0.00365,0.05,0,0.2,0,0,0,0,0,0,0,0,0,0.00E+00,1.00E+02,5.50E+02,2.50E+00,2.00E-01,1.00E+01,2.00E+01,2.85E+02,1.00E-02,1.00E-09,1.00E-09,1.00E+06
RCBXH3.R8,MCBXH,1,0.261977,5.16E-09,1000000000,0.00365,0.05,0,0.2,0,0,0,0,0,0,0,0,0,0.00E+00,1.00E+02,5.50E+02,2.50E+00,2.00E-01,1.00E+01,2.00E+01,2.85E+02,1.00E-02,1.00E-09,1.00E-09,1.00E+06
RCD.A12B1,MCD,77,0.000318703,1.02E-09,1000000000,0.0064286,0.05,0,0.2,410.01,0.7,8.00E-04,1.00E+00,4.40E-04,1.00E-06,5360,3.50E-07,1.88E-03,0.00E+00,1.00E+02,5.50E+02,1.50E+00,1.00E+00,1.00E+01,2.00E+01,4.10E+02,1.00E-02,1.00E-09,1.00E-09,1.00E+06
RCD.A12B2,MCD,77,0.000318703,1.02E-09,1000000000,0.00633928,0.05,0,0.2,410.01,0.7,8.00E-04,1.00E+00,4.40E-04,1.00E-06,5360,3.50E-07,1.88E-03,0.00E+00,1.00E+02,5.50E+02,1.50E+00,1.00E+00,1.00E+01,2.00E+01,4.10E+02,1.00E-02,1.00E-09,1.00E-09,1.00E+06
RCD.A23B1,MCD,77,0.000318703,1.02E-09,1000000000,0.0064286,0.05,0,0.2,410.01,0.7,8.00E-04,1.00E+00,4.40E-04,1.00E-06,5360,3.50E-07,1.88E-03,0.00E+00,1.00E+02,5.50E+02,1.50E+00,1.00E+00,1.00E+01,2.00E+01,4.10E+02,1.00E-02,1.00E-09,1.00E-09,1.00E+06
RCD.A23B2,MCD,77,0.000318703,1.02E-09,1000000000,0.00633928,0.05,0,0.2,410.01,0.7,8.00E-04,1.00E+00,4.40E-04,1.00E-06,5360,3.50E-07,1.88E-03,0.00E+00,1.00E+02,5.50E+02,1.50E+00,1.00E+00,1.00E+01,2.00E+01,4.10E+02,1.00E-02,1.00E-09,1.00E-09,1.00E+06
RCD.A34B1,MCD,77,0.000318703,1.02E-09,1000000000,0.0064286,0.05,0,0.2,410.01,0.7,8.00E-04,1.00E+00,4.40E-04,1.00E-06,5360,3.50E-07,1.88E-03,0.00E+00,1.00E+02,5.50E+02,1.50E+00,1.00E+00,1.00E+01,2.00E+01,4.10E+02,1.00E-02,1.00E-09,1.00E-09,1.00E+06
RCD.A34B2,MCD,77,0.000318703,1.02E-09,1000000000,0.00633928,0.05,0,0.2,410.01,0.7,8.00E-04,1.00E+00,4.40E-04,1.00E-06,5360,3.50E-07,1.88E-03,0.00E+00,1.00E+02,5.50E+02,1.50E+00,1.00E+00,1.00E+01,2.00E+01,4.10E+02,1.00E-02,1.00E-09,1.00E-09,1.00E+06
RCD.A45B1,MCD,77,0.000318703,1.02E-09,1000000000,0.0064286,0.05,0,0.2,410.01,0.7,8.00E-04,1.00E+00,4.40E-04,1.00E-06,5360,3.50E-07,1.88E-03,0.00E+00,1.00E+02,5.50E+02,1.50E+00,1.00E+00,1.00E+01,2.00E+01,4.10E+02,1.00E-02,1.00E-09,1.00E-09,1.00E+06
RCD.A45B2,MCD,77,0.000318703,1.02E-09,1000000000,0.00633928,0.05,0,0.2,410.01,0.7,8.00E-04,1.00E+00,4.40E-04,1.00E-06,5360,3.50E-07,1.88E-03,0.00E+00,1.00E+02,5.50E+02,1.50E+00,1.00E+00,1.00E+01,2.00E+01,4.10E+02,1.00E-02,1.00E-09,1.00E-09,1.00E+06
RCD.A56B1,MCD,77,0.000318703,1.02E-09,1000000000,0.0064286,0.05,0,0.2,410.01,0.7,8.00E-04,1.00E+00,4.40E-04,1.00E-06,5360,3.50E-07,1.88E-03,0.00E+00,1.00E+02,5.50E+02,1.50E+00,1.00E+00,1.00E+01,2.00E+01,4.10E+02,1.00E-02,1.00E-09,1.00E-09,1.00E+06
RCD.A56B2,MCD,77,0.000318703,1.02E-09,1000000000,0.00633928,0.05,0,0.2,410.01,0.7,8.00E-04,1.00E+00,4.40E-04,1.00E-06,5360,3.50E-07,1.88E-03,0.00E+00,1.00E+02,5.50E+02,1.50E+00,1.00E+00,1.00E+01,2.00E+01,4.10E+02,1.00E-02,1.00E-09,1.00E-09,1.00E+06
RCD.A67B1,MCD,77,0.000318703,1.02E-09,1000000000,0.0064286,0.05,0,0.2,410.01,0.7,8.00E-04,1.00E+00,4.40E-04,1.00E-06,5360,3.50E-07,1.88E-03,0.00E+00,1.00E+02,5.50E+02,1.50E+00,1.00E+00,1.00E+01,2.00E+01,4.10E+02,1.00E-02,1.00E-09,1.00E-09,1.00E+06
RCD.A67B2,MCD,77,0.000318703,1.02E-09,1000000000,0.00633928,0.05,0,0.2,410.01,0.7,8.00E-04,1.00E+00,4.40E-04,1.00E-06,5360,3.50E-07,1.88E-03,0.00E+00,1.00E+02,5.50E+02,1.50E+00,1.00E+00,1.00E+01,2.00E+01,4.10E+02,1.00E-02,1.00E-09,1.00E-09,1.00E+06
RCD.A78B1,MCD,77,0.000318703,1.02E-09,1000000000,0.0064286,0.05,0,0.2,410.01,0.7,8.00E-04,1.00E+00,4.40E-04,1.00E-06,5360,3.50E-07,1.88E-03,0.00E+00,1.00E+02,5.50E+02,1.50E+00,1.00E+00,1.00E+01,2.00E+01,4.10E+02,1.00E-02,1.00E-09,1.00E-09,1.00E+06
RCD.A78B2,MCD,77,0.000318703,1.02E-09,1000000000,0.00633928,0.05,0,0.2,410.01,0.7,8.00E-04,1.00E+00,4.40E-04,1.00E-06,5360,3.50E-07,1.88E-03,0.00E+00,1.00E+02,5.50E+02,1.50E+00,1.00E+00,1.00E+01,2.00E+01,4.10E+02,1.00E-02,1.00E-09,1.00E-09,1.00E+06
RCD.A81B1,MCD,77,0.000318703,1.02E-09,1000000000,0.00633928,0.05,0,0.2,410.01,0.7,8.00E-04,1.00E+00,4.40E-04,1.00E-06,5360,3.50E-07,1.88E-03,0.00E+00,1.00E+02,5.50E+02,1.50E+00,1.00E+00,1.00E+01,2.00E+01,4.10E+02,1.00E-02,1.00E-09,1.00E-09,1.00E+06
RCD.A81B2,MCD,77,0.000318703,1.02E-09,1000000000,0.00633928,0.05,0,0.2,410.01,0.7,8.00E-04,1.00E+00,4.40E-04,1.00E-06,5360,3.50E-07,1.88E-03,0.00E+00,1.00E+02,5.50E+02,1.50E+00,1.00E+00,1.00E+01,2.00E+01,4.10E+02,1.00E-02,1.00E-09,1.00E-09,1.00E+06
RCO.A12B1,MCO,77,0.00027828,1.29E-08,1000000000,0.026286,0.08,0,0.2,0,0,0,0,0,0,5300,1.80E-07,9.54E-04,0.00E+00,5.00E+01,1.00E+02,1.50E+00,1.00E-01,1.00E+01,2.00E+01,1.35E+02,1.00E-02,1.00E-09,1.00E-09,1.00E+06
RCO.A12B2,MCO,77,0.00027828,1.29E-08,1000000000,0.026286,0.08,0,0.2,0,0,0,0,0,0,5300,1.80E-07,9.54E-04,0.00E+00,5.00E+01,1.00E+02,1.50E+00,1.00E-01,1.00E+01,2.00E+01,1.35E+02,1.00E-02,1.00E-09,1.00E-09,1.00E+06
RCO.A23B1,MCO,77,0.00027828,1.29E-08,1000000000,0.026286,0.08,0,0.2,0,0,0,0,0,0,5300,1.80E-07,9.54E-04,0.00E+00,5.00E+01,1.00E+02,1.50E+00,1.00E-01,1.00E+01,2.00E+01,1.35E+02,1.00E-02,1.00E-09,1.00E-09,1.00E+06
RCO.A23B2,MCO,77,0.00027828,1.29E-08,1000000000,0.026286,0.08,0,0.2,0,0,0,0,0,0,5300,1.80E-07,9.54E-04,0.00E+00,5.00E+01,1.00E+02,1.50E+00,1.00E-01,1.00E+01,2.00E+01,1.35E+02,1.00E-02,1.00E-09,1.00E-09,1.00E+06
RCO.A34B1,MCO,77,0.00027828,1.29E-08,1000000000,0.026286,0.08,0,0.2,0,0,0,0,0,0,5300,1.80E-07,9.54E-04,0.00E+00,5.00E+01,1.00E+02,1.50E+00,1.00E-01,1.00E+01,2.00E+01,1.35E+02,1.00E-02,1.00E-09,1.00E-09,1.00E+06
RCO.A34B2,MCO,77,0.00027828,1.29E-08,1000000000,0.026286,0.08,0,0.2,0,0,0,0,0,0,5300,1.80E-07,9.54E-04,0.00E+00,5.00E+01,1.00E+02,1.50E+00,1.00E-01,1.00E+01,2.00E+01,1.35E+02,1.00E-02,1.00E-09,1.00E-09,1.00E+06
RCO.A45B1,MCO,77,0.00027828,1.29E-08,1000000000,0.026286,0.08,0,0.2,0,0,0,0,0,0,5300,1.80E-07,9.54E-04,0.00E+00,5.00E+01,1.00E+02,1.50E+00,1.00E-01,1.00E+01,2.00E+01,1.35E+02,1.00E-02,1.00E-09,1.00E-09,1.00E+06
RCO.A45B2,MCO,77,0.00027828,1.29E-08,1000000000,0.026286,0.08,0,0.2,0,0,0,0,0,0,5300,1.80E-07,9.54E-04,0.00E+00,5.00E+01,1.00E+02,1.50E+00,1.00E-01,1.00E+01,2.00E+01,1.35E+02,1.00E-02,1.00E-09,1.00E-09,1.00E+06
RCO.A56B1,MCO,77,0.00027828,1.29E-08,1000000000,0.026286,0.08,0,0.2,0,0,0,0,0,0,5300,1.80E-07,9.54E-04,0.00E+00,5.00E+01,1.00E+02,1.50E+00,1.00E-01,1.00E+01,2.00E+01,1.35E+02,1.00E-02,1.00E-09,1.00E-09,1.00E+06
RCO.A56B2,MCO,77,0.00027828,1.29E-08,1000000000,0.026286,0.08,0,0.2,0,0,0,0,0,0,5300,1.80E-07,9.54E-04,0.00E+00,5.00E+01,1.00E+02,1.50E+00,1.00E-01,1.00E+01,2.00E+01,1.35E+02,1.00E-02,1.00E-09,1.00E-09,1.00E+06
RCO.A67B1,MCO,77,0.00027828,1.29E-08,1000000000,0.026286,0.08,0,0.2,0,0,0,0,0,0,5300,1.80E-07,9.54E-04,0.00E+00,5.00E+01,1.00E+02,1.50E+00,1.00E-01,1.00E+01,2.00E+01,1.35E+02,1.00E-02,1.00E-09,1.00E-09,1.00E+06
RCO.A67B2,MCO,77,0.00027828,1.29E-08,1000000000,0.026286,0.08,0,0.2,0,0,0,0,0,0,5300,1.80E-07,9.54E-04,0.00E+00,5.00E+01,1.00E+02,1.50E+00,1.00E-01,1.00E+01,2.00E+01,1.35E+02,1.00E-02,1.00E-09,1.00E-09,1.00E+06
RCO.A78B1,MCO,77,0.00027828,1.29E-08,1000000000,0.026286,0.08,0,0.2,0,0,0,0,0,0,5300,1.80E-07,9.54E-04,0.00E+00,5.00E+01,1.00E+02,1.50E+00,1.00E-01,1.00E+01,2.00E+01,1.35E+02,1.00E-02,1.00E-09,1.00E-09,1.00E+06
RCO.A78B2,MCO,77,0.00027828,1.29E-08,1000000000,0.026286,0.08,0,0.2,0,0,0,0,0,0,5300,1.80E-07,9.54E-04,0.00E+00,5.00E+01,1.00E+02,1.50E+00,1.00E-01,1.00E+01,2.00E+01,1.35E+02,1.00E-02,1.00E-09,1.00E-09,1.00E+06
RCO.A81B1,MCO,77,0.00027828,1.29E-08,1000000000,0.026286,0.08,0,0.2,0,0,0,0,0,0,5300,1.80E-07,9.54E-04,0.00E+00,5.00E+01,1.00E+02,1.50E+00,1.00E-01,1.00E+01,2.00E+01,1.35E+02,1.00E-02,1.00E-09,1.00E-09,1.00E+06
RCO.A81B2,MCO,77,0.00027828,1.29E-08,1000000000,0.026286,0.08,0,0.2,0,0,0,0,0,0,5300,1.80E-07,9.54E-04,0.00E+00,5.00E+01,1.00E+02,1.50E+00,1.00E-01,1.00E+01,2.00E+01,1.35E+02,1.00E-02,1.00E-09,1.00E-09,1.00E+06
RQSX3.L1,MQSX,1,0.014,3.00E-08,1000000000,0.0063,0.05,0,0.2,0,0,0,0,0,0,0,0,0,0.00E+00,1.00E+02,5.50E+02,1.50E+00,1.00E-01,1.00E+01,2.00E+01,4.36E+02,1.00E-02,1.00E-09,1.00E-09,1.00E+06
RQSX3.L2,MQSX,1,0.014,3.00E-08,1000000000,0.0063,0.05,0,0.2,0,0,0,0,0,0,0,0,0,0.00E+00,1.00E+02,5.50E+02,1.50E+00,1.00E-01,1.00E+01,2.00E+01,4.36E+02,1.00E-02,1.00E-09,1.00E-09,1.00E+06
RQSX3.L5,MQSX,1,0.014,3.00E-08,1000000000,0.0063,0.05,0,0.2,0,0,0,0,0,0,0,0,0,0.00E+00,1.00E+02,5.50E+02,1.50E+00,1.00E-01,1.00E+01,2.00E+01,4.36E+02,1.00E-02,1.00E-09,1.00E-09,1.00E+06
RQSX3.L8,MQSX,1,0.014,3.00E-08,1000000000,0.0063,0.05,0,0.2,0,0,0,0,0,0,0,0,0,0.00E+00,1.00E+02,5.50E+02,1.50E+00,1.00E-01,1.00E+01,2.00E+01,4.36E+02,1.00E-02,1.00E-09,1.00E-09,1.00E+06
RQSX3.R1,MQSX,1,0.014,3.00E-08,1000000000,0.0063,0.05,0,0.2,0,0,0,0,0,0,0,0,0,0.00E+00,1.00E+02,5.50E+02,1.50E+00,1.00E-01,1.00E+01,2.00E+01,4.36E+02,1.00E-02,1.00E-09,1.00E-09,1.00E+06
RQSX3.R2,MQSX,1,0.014,3.00E-08,1000000000,0.0063,0.05,0,0.2,0,0,0,0,0,0,0,0,0,0.00E+00,1.00E+02,5.50E+02,1.50E+00,1.00E-01,1.00E+01,2.00E+01,4.36E+02,1.00E-02,1.00E-09,1.00E-09,1.00E+06
RQSX3.R5,MQSX,1,0.014,3.00E-08,1000000000,0.0063,0.05,0,0.2,0,0,0,0,0,0,0,0,0,0.00E+00,1.00E+02,5.50E+02,1.50E+00,1.00E-01,1.00E+01,2.00E+01,4.36E+02,1.00E-02,1.00E-09,1.00E-09,1.00E+06
RQSX3.R8,MQSX,1,0.014,3.00E-08,1000000000,0.0063,0.05,0,0.2,0,0,0,0,0,0,0,0,0,0.00E+00,1.00E+02,5.50E+02,1.50E+00,1.00E-01,1.00E+01,2.00E+01,4.36E+02,1.00E-02,1.00E-09,1.00E-09,1.00E+06
RU.L4,MU,1,1.2,8.00E-09,3.30E-01,0.00352,5.00E-02,0,0.2,0.205,7.01E-01,0.0008,1,0.00044,1.00E-06,0.00E+00,0.00E+00,0.00E+00,0.00E+00,1.00E+02,5.50E+02,3.00E-01,1.00E-02,1.00E+01,2.00E+01,2.00E-01,1.00E-02,1.00E-09,1.00E-09,1.00E+06
RU.R4,MU,1,1.2,8.00E-09,3.30E-01,0.0047,5.00E-02,0,0.2,0.205,7.02E-01,0.0008,1,0.00044,1.00E-06,0.00E+00,0.00E+00,0.00E+00,0.00E+00,1.00E+02,5.50E+02,3.00E-01,1.00E-02,1.00E+01,2.00E+01,2.00E-01,1.00E-02,1.00E-09,1.00E-09,1.00E+06
